{
  "type": "FeatureCollection",
  "metadata": {
    "latest_month": "2026-06",
    "available_months": [
      "2025-05",
      "2025-06",
      "2025-07",
      "2025-09",
      "2025-10",
      "2025-11",
      "2025-12",
      "2026-01",
      "2026-02",
      "2026-03",
      "2026-04",
      "2026-05",
      "2026-06"
    ],
    "latest_assignment_period": "2026-07-15",
    "latest_survey_period": "2026-06-15",
    "survey_submission_count": 502,
    "survey_distinct_parcels": 445,
    "source_note": "PostgreSQL export filtered to URA-owned LandCare parcels across all available months. Assignments updated through 2026-07-15; survey completion shown through 2026-06-15.",
    "generated_on": "2026-07-15",
    "geometry_mode": "postgres_readonly_export",
    "source_tables": [
      "gis.regrid_bundle_assignments",
      "gis.regrid_survey_submissions",
      "gis.pgh_parcels",
      "gis.epp_parcels_full",
      "gis.epp_snapshot",
      "analysis.city_epp_properties",
      "analysis.assessment_snapshot"
    ],
    "owner_match_note": "Owner names are normalized before matching URA and Pittsburgh Land Bank variants.",
    "missing_geometry_rows": 106,
    "latest_comparable_month": "2026-06-01",
    "ownership_scope": "URA owned only",
    "all_month_feature_count": 2776,
    "feature_count": 210
  },
  "features": [
    {
      "type": "Feature",
      "properties": {
        "owner_name": "URBAN REDEVELOPMENT AUTHORITY OFPITTSBURGH",
        "parcel_key": "002700083000000",
        "organization": "Amani Christian CDC",
        "period_month": "2026-06",
        "assigned_flag": true,
        "returned_flag": true,
        "ownership_type": "URA",
        "masked_geometry": false,
        "completion_status": "returned",
        "maintenance_level": "Active"
      },
      "geometry": {
        "type": "Polygon",
        "coordinates": [
          [
            [
              -79.951743,
              40.44871
            ],
            [
              -79.95184,
              40.448874
            ],
            [
              -79.952581,
              40.448348
            ],
            [
              -79.952533,
              40.448245
            ],
            [
              -79.952206,
              40.448355
            ],
            [
              -79.951699,
              40.448539
            ],
            [
              -79.951708,
              40.448555
            ],
            [
              -79.951944,
              40.448471
            ],
            [
              -79.951998,
              40.448568
            ],
            [
              -79.951939,
              40.448589
            ],
            [
              -79.951948,
              40.448604
            ],
            [
              -79.951829,
              40.448646
            ],
            [
              -79.951846,
              40.448677
            ],
            [
              -79.951743,
              40.44871
            ]
          ]
        ]
      }
    },
    {
      "type": "Feature",
      "properties": {
        "owner_name": "URBAN REDEVELOPMENT AUTHORITY OFPITTSBURGH",
        "parcel_key": "002700085000000",
        "organization": "Amani Christian CDC",
        "period_month": "2026-06",
        "assigned_flag": true,
        "returned_flag": true,
        "ownership_type": "URA",
        "masked_geometry": false,
        "completion_status": "returned",
        "maintenance_level": "Active"
      },
      "geometry": {
        "type": "Polygon",
        "coordinates": [
          [
            [
              -79.959504,
              40.452162
            ],
            [
              -79.959603,
              40.452196
            ],
            [
              -79.959716,
              40.452001
            ],
            [
              -79.959617,
              40.451968
            ],
            [
              -79.959504,
              40.452162
            ]
          ]
        ]
      }
    },
    {
      "type": "Feature",
      "properties": {
        "owner_name": "URBAN REDEVELOPMENT AUTHORITY OFPITTSBURGH",
        "parcel_key": "002700087000000",
        "organization": "Amani Christian CDC",
        "period_month": "2026-06",
        "assigned_flag": true,
        "returned_flag": true,
        "ownership_type": "URA",
        "masked_geometry": false,
        "completion_status": "returned",
        "maintenance_level": "Active"
      },
      "geometry": {
        "type": "Polygon",
        "coordinates": [
          [
            [
              -79.955659,
              40.452383
            ],
            [
              -79.956036,
              40.452501
            ],
            [
              -79.956084,
              40.452413
            ],
            [
              -79.955734,
              40.452301
            ],
            [
              -79.955666,
              40.452369
            ],
            [
              -79.955659,
              40.452383
            ]
          ]
        ]
      }
    },
    {
      "type": "Feature",
      "properties": {
        "owner_name": "URBAN REDEVELOPMENT AUTHORITY OFPITTSBURGH",
        "parcel_key": "002700089000000",
        "organization": "Amani Christian CDC",
        "period_month": "2026-06",
        "assigned_flag": true,
        "returned_flag": true,
        "ownership_type": "URA",
        "masked_geometry": false,
        "completion_status": "returned",
        "maintenance_level": "Active"
      },
      "geometry": {
        "type": "Polygon",
        "coordinates": [
          [
            [
              -79.955928,
              40.450089
            ],
            [
              -79.955669,
              40.449865
            ],
            [
              -79.955626,
              40.449869
            ],
            [
              -79.955609,
              40.449876
            ],
            [
              -79.955508,
              40.449951
            ],
            [
              -79.955447,
              40.449941
            ],
            [
              -79.955764,
              40.450204
            ],
            [
              -79.955928,
              40.450089
            ]
          ]
        ]
      }
    },
    {
      "type": "Feature",
      "properties": {
        "owner_name": "URBAN REDEVELOPMENT AUTHORITY OFPITTSBURGH",
        "parcel_key": "002700102000000",
        "organization": "Amani Christian CDC",
        "period_month": "2026-06",
        "assigned_flag": true,
        "returned_flag": true,
        "ownership_type": "URA",
        "masked_geometry": false,
        "completion_status": "returned",
        "maintenance_level": "Active"
      },
      "geometry": {
        "type": "Polygon",
        "coordinates": [
          [
            [
              -79.951679,
              40.451149
            ],
            [
              -79.951768,
              40.451293
            ],
            [
              -79.952231,
              40.45113
            ],
            [
              -79.952143,
              40.450986
            ],
            [
              -79.951679,
              40.451149
            ]
          ]
        ]
      }
    },
    {
      "type": "Feature",
      "properties": {
        "owner_name": "URBAN REDEVELOPMENT AUTHORITY OFPITTSBURGH",
        "parcel_key": "002700103000000",
        "organization": "Amani Christian CDC",
        "period_month": "2026-06",
        "assigned_flag": true,
        "returned_flag": true,
        "ownership_type": "URA",
        "masked_geometry": false,
        "completion_status": "returned",
        "maintenance_level": "Active"
      },
      "geometry": {
        "type": "Polygon",
        "coordinates": [
          [
            [
              -79.964941,
              40.449207
            ],
            [
              -79.964847,
              40.449228
            ],
            [
              -79.964849,
              40.449287
            ],
            [
              -79.964962,
              40.449259
            ],
            [
              -79.964941,
              40.449207
            ]
          ]
        ]
      }
    },
    {
      "type": "Feature",
      "properties": {
        "owner_name": "URBAN REDEVELOPMENT AUTHORITY OFPITTSBURGH",
        "parcel_key": "002700105000000",
        "organization": "Amani Christian CDC",
        "period_month": "2026-06",
        "assigned_flag": true,
        "returned_flag": true,
        "ownership_type": "URA",
        "masked_geometry": false,
        "completion_status": "returned",
        "maintenance_level": "Active"
      },
      "geometry": {
        "type": "Polygon",
        "coordinates": [
          [
            [
              -79.964962,
              40.451111
            ],
            [
              -79.96509,
              40.451161
            ],
            [
              -79.965103,
              40.451234
            ],
            [
              -79.965147,
              40.451195
            ],
            [
              -79.965187,
              40.451128
            ],
            [
              -79.96535,
              40.451049
            ],
            [
              -79.965266,
              40.45094
            ],
            [
              -79.964999,
              40.451052
            ],
            [
              -79.964962,
              40.451111
            ]
          ]
        ]
      }
    },
    {
      "type": "Feature",
      "properties": {
        "owner_name": "URBAN REDEVELOPMENT AUTHORITY OFPITTSBURGH",
        "parcel_key": "002700129000000",
        "organization": "Amani Christian CDC",
        "period_month": "2026-06",
        "assigned_flag": true,
        "returned_flag": true,
        "ownership_type": "URA",
        "masked_geometry": false,
        "completion_status": "returned",
        "maintenance_level": "Active"
      },
      "geometry": {
        "type": "Polygon",
        "coordinates": [
          [
            [
              -79.96488,
              40.450433
            ],
            [
              -79.965116,
              40.45047
            ],
            [
              -79.965168,
              40.45039
            ],
            [
              -79.964912,
              40.450346
            ],
            [
              -79.96488,
              40.450433
            ]
          ]
        ]
      }
    },
    {
      "type": "Feature",
      "properties": {
        "owner_name": "URBAN REDEVELOPMENT AUTHORITY OFPITTSBURGH",
        "parcel_key": "002700131000000",
        "organization": "Amani Christian CDC",
        "period_month": "2026-06",
        "assigned_flag": true,
        "returned_flag": true,
        "ownership_type": "URA",
        "masked_geometry": false,
        "completion_status": "returned",
        "maintenance_level": "Active"
      },
      "geometry": {
        "type": "Polygon",
        "coordinates": [
          [
            [
              -79.952549,
              40.45255
            ],
            [
              -79.952681,
              40.452757
            ],
            [
              -79.953172,
              40.452603
            ],
            [
              -79.953044,
              40.452404
            ],
            [
              -79.952549,
              40.45255
            ]
          ]
        ]
      }
    },
    {
      "type": "Feature",
      "properties": {
        "owner_name": "URBAN REDEVELOPMENT AUTHORITY OFPITTSBURGH",
        "parcel_key": "002700164000000",
        "organization": "Amani Christian CDC",
        "period_month": "2026-06",
        "assigned_flag": true,
        "returned_flag": false,
        "ownership_type": "URA",
        "masked_geometry": false,
        "completion_status": "missing",
        "maintenance_level": "Active"
      },
      "geometry": {
        "type": "Polygon",
        "coordinates": [
          [
            [
              -79.961596,
              40.452285
            ],
            [
              -79.961699,
              40.45232
            ],
            [
              -79.961819,
              40.452111
            ],
            [
              -79.961719,
              40.452078
            ],
            [
              -79.961596,
              40.452285
            ]
          ]
        ]
      }
    },
    {
      "type": "Feature",
      "properties": {
        "owner_name": "URBAN REDEVELOPMENT AUTHORITY OFPITTSBURGH",
        "parcel_key": "000200253000000",
        "organization": "Center That CARES",
        "period_month": "2026-06",
        "assigned_flag": true,
        "returned_flag": false,
        "ownership_type": "URA",
        "masked_geometry": false,
        "completion_status": "missing",
        "maintenance_level": "Active"
      },
      "geometry": {
        "type": "Polygon",
        "coordinates": [
          [
            [
              -79.984758,
              40.439476
            ],
            [
              -79.984655,
              40.439353
            ],
            [
              -79.984612,
              40.439353
            ],
            [
              -79.98461,
              40.439386
            ],
            [
              -79.984706,
              40.439499
            ],
            [
              -79.984758,
              40.439476
            ]
          ]
        ]
      }
    },
    {
      "type": "Feature",
      "properties": {
        "owner_name": "URBAN REDEVELOPMENT AUTHORITY OFPITTSBURGH",
        "parcel_key": "000200254000000",
        "organization": "Center That CARES",
        "period_month": "2026-06",
        "assigned_flag": true,
        "returned_flag": false,
        "ownership_type": "URA",
        "masked_geometry": false,
        "completion_status": "missing",
        "maintenance_level": "Active"
      },
      "geometry": {
        "type": "Polygon",
        "coordinates": [
          [
            [
              -79.984706,
              40.439499
            ],
            [
              -79.98461,
              40.439386
            ],
            [
              -79.984607,
              40.439539
            ],
            [
              -79.984706,
              40.439499
            ]
          ]
        ]
      }
    },
    {
      "type": "Feature",
      "properties": {
        "owner_name": "URBAN REDEVELOPMENT AUTHORITY OFPITTSBURGH",
        "parcel_key": "000200301000000",
        "organization": "Center That CARES",
        "period_month": "2026-06",
        "assigned_flag": true,
        "returned_flag": false,
        "ownership_type": "URA",
        "masked_geometry": false,
        "completion_status": "missing",
        "maintenance_level": "Active"
      },
      "geometry": {
        "type": "Polygon",
        "coordinates": [
          [
            [
              -79.987998,
              40.441635
            ],
            [
              -79.9876,
              40.441801
            ],
            [
              -79.986886,
              40.440814
            ],
            [
              -79.986657,
              40.44089
            ],
            [
              -79.986546,
              40.440934
            ],
            [
              -79.986211,
              40.441075
            ],
            [
              -79.986201,
              40.441091
            ],
            [
              -79.9862,
              40.441115
            ],
            [
              -79.986207,
              40.441131
            ],
            [
              -79.987252,
              40.442574
            ],
            [
              -79.988332,
              40.442116
            ],
            [
              -79.987998,
              40.441635
            ]
          ]
        ]
      }
    },
    {
      "type": "Feature",
      "properties": {
        "owner_name": "URBAN REDEVELOPMENT AUTHORITY OFPITTSBURGH",
        "parcel_key": "000200303000000",
        "organization": "Center That CARES",
        "period_month": "2026-06",
        "assigned_flag": true,
        "returned_flag": false,
        "ownership_type": "URA",
        "masked_geometry": false,
        "completion_status": "missing",
        "maintenance_level": "Active"
      },
      "geometry": {
        "type": "Polygon",
        "coordinates": [
          [
            [
              -79.987104,
              40.44075
            ],
            [
              -79.987679,
              40.441547
            ],
            [
              -79.987697,
              40.441554
            ],
            [
              -79.987716,
              40.441552
            ],
            [
              -79.987886,
              40.441481
            ],
            [
              -79.987318,
              40.440709
            ],
            [
              -79.987104,
              40.44075
            ]
          ]
        ]
      }
    },
    {
      "type": "Feature",
      "properties": {
        "owner_name": "URBAN REDEVELOPMENT AUTHORITY OFPITTSBURGH",
        "parcel_key": "000200304000000",
        "organization": "Center That CARES",
        "period_month": "2026-06",
        "assigned_flag": true,
        "returned_flag": false,
        "ownership_type": "URA",
        "masked_geometry": false,
        "completion_status": "missing",
        "maintenance_level": "Active"
      },
      "geometry": {
        "type": "Polygon",
        "coordinates": [
          [
            [
              -79.983492,
              40.440018
            ],
            [
              -79.983361,
              40.439831
            ],
            [
              -79.983259,
              40.439829
            ],
            [
              -79.983418,
              40.440049
            ],
            [
              -79.983492,
              40.440018
            ]
          ]
        ]
      }
    },
    {
      "type": "Feature",
      "properties": {
        "owner_name": "URBAN REDEVELOPMENT AUTHORITY OFPITTSBURGH",
        "parcel_key": "000200305000000",
        "organization": "Center That CARES",
        "period_month": "2026-06",
        "assigned_flag": true,
        "returned_flag": false,
        "ownership_type": "URA",
        "masked_geometry": false,
        "completion_status": "missing",
        "maintenance_level": "Active"
      },
      "geometry": {
        "type": "Polygon",
        "coordinates": [
          [
            [
              -79.987375,
              40.442746
            ],
            [
              -79.988162,
              40.443836
            ],
            [
              -79.98819,
              40.443854
            ],
            [
              -79.988218,
              40.443857
            ],
            [
              -79.988236,
              40.443853
            ],
            [
              -79.988694,
              40.44366
            ],
            [
              -79.989281,
              40.443406
            ],
            [
              -79.988854,
              40.442822
            ],
            [
              -79.988742,
              40.442869
            ],
            [
              -79.988796,
              40.442946
            ],
            [
              -79.988385,
              40.443117
            ],
            [
              -79.988166,
              40.442808
            ],
            [
              -79.988579,
              40.442639
            ],
            [
              -79.988635,
              40.442715
            ],
            [
              -79.988743,
              40.442668
            ],
            [
              -79.988475,
              40.442296
            ],
            [
              -79.987375,
              40.442746
            ]
          ]
        ]
      }
    },
    {
      "type": "Feature",
      "properties": {
        "owner_name": "URBAN REDEVELOPMENT AUTHORITY OFPITTSBURGH",
        "parcel_key": "000200307000000",
        "organization": "Center That CARES",
        "period_month": "2026-06",
        "assigned_flag": true,
        "returned_flag": false,
        "ownership_type": "URA",
        "masked_geometry": false,
        "completion_status": "missing",
        "maintenance_level": "Active"
      },
      "geometry": {
        "type": "Polygon",
        "coordinates": [
          [
            [
              -79.98369,
              40.439935
            ],
            [
              -79.983612,
              40.439838
            ],
            [
              -79.983595,
              40.439837
            ],
            [
              -79.983598,
              40.439788
            ],
            [
              -79.983523,
              40.439785
            ],
            [
              -79.983514,
              40.439834
            ],
            [
              -79.983525,
              40.439835
            ],
            [
              -79.98362,
              40.439964
            ],
            [
              -79.98369,
              40.439935
            ]
          ]
        ]
      }
    },
    {
      "type": "Feature",
      "properties": {
        "owner_name": "URBAN REDEVELOPMENT AUTHORITY OFPITTSBURGH",
        "parcel_key": "000200309000000",
        "organization": "Center That CARES",
        "period_month": "2026-06",
        "assigned_flag": true,
        "returned_flag": false,
        "ownership_type": "URA",
        "masked_geometry": false,
        "completion_status": "missing",
        "maintenance_level": "Active"
      },
      "geometry": {
        "type": "Polygon",
        "coordinates": [
          [
            [
              -79.983823,
              40.43988
            ],
            [
              -79.983824,
              40.439846
            ],
            [
              -79.983612,
              40.439838
            ],
            [
              -79.98369,
              40.439935
            ],
            [
              -79.983823,
              40.43988
            ]
          ]
        ]
      }
    },
    {
      "type": "Feature",
      "properties": {
        "owner_name": "URBAN REDEVELOPMENT AUTHORITY OFPITTSBURGH",
        "parcel_key": "001000350000000",
        "organization": "Center That CARES",
        "period_month": "2026-06",
        "assigned_flag": true,
        "returned_flag": true,
        "ownership_type": "URA",
        "masked_geometry": false,
        "completion_status": "returned",
        "maintenance_level": "Active"
      },
      "geometry": {
        "type": "Polygon",
        "coordinates": [
          [
            [
              -79.979212,
              40.446468
            ],
            [
              -79.979351,
              40.446665
            ],
            [
              -79.979717,
              40.446512
            ],
            [
              -79.979584,
              40.446332
            ],
            [
              -79.979405,
              40.446407
            ],
            [
              -79.979393,
              40.44639
            ],
            [
              -79.979212,
              40.446468
            ]
          ]
        ]
      }
    },
    {
      "type": "Feature",
      "properties": {
        "owner_name": "URBAN REDEVELOPMENT AUTHORITY OFPITTSBURGH",
        "parcel_key": "001000376000002",
        "organization": "Center That CARES",
        "period_month": "2026-06",
        "assigned_flag": true,
        "returned_flag": false,
        "ownership_type": "URA",
        "masked_geometry": false,
        "completion_status": "missing",
        "maintenance_level": "Active"
      },
      "geometry": {
        "type": "Polygon",
        "coordinates": [
          [
            [
              -79.98049,
              40.443082
            ],
            [
              -79.980486,
              40.443193
            ],
            [
              -79.980493,
              40.443215
            ],
            [
              -79.980538,
              40.443234
            ],
            [
              -79.980571,
              40.443237
            ],
            [
              -79.9806,
              40.443235
            ],
            [
              -79.980632,
              40.44322
            ],
            [
              -79.980709,
              40.443131
            ],
            [
              -79.980855,
              40.443071
            ],
            [
              -79.98049,
              40.443082
            ]
          ]
        ]
      }
    },
    {
      "type": "Feature",
      "properties": {
        "owner_name": "URBAN REDEVELOPMENT AUTHORITY OFPITTSBURGH",
        "parcel_key": "001100201000000",
        "organization": "Center That CARES",
        "period_month": "2026-06",
        "assigned_flag": true,
        "returned_flag": false,
        "ownership_type": "URA",
        "masked_geometry": false,
        "completion_status": "missing",
        "maintenance_level": "Active"
      },
      "geometry": {
        "type": "Polygon",
        "coordinates": [
          [
            [
              -79.970442,
              40.440367
            ],
            [
              -79.970666,
              40.440807
            ],
            [
              -79.971014,
              40.440898
            ],
            [
              -79.970902,
              40.440654
            ],
            [
              -79.970697,
              40.440266
            ],
            [
              -79.970661,
              40.440252
            ],
            [
              -79.970621,
              40.440256
            ],
            [
              -79.970442,
              40.440367
            ]
          ]
        ]
      }
    },
    {
      "type": "Feature",
      "properties": {
        "owner_name": "URBAN REDEVELOPMENT AUTHORITY OFPITTSBURGH",
        "parcel_key": "008300184000000",
        "organization": "Chatman Properties",
        "period_month": "2026-06",
        "assigned_flag": true,
        "returned_flag": false,
        "ownership_type": "URA",
        "masked_geometry": false,
        "completion_status": "missing",
        "maintenance_level": "Active"
      },
      "geometry": {
        "type": "Polygon",
        "coordinates": [
          [
            [
              -79.931276,
              40.4627
            ],
            [
              -79.931666,
              40.462837
            ],
            [
              -79.931778,
              40.462654
            ],
            [
              -79.931379,
              40.462523
            ],
            [
              -79.931276,
              40.4627
            ]
          ]
        ]
      }
    },
    {
      "type": "Feature",
      "properties": {
        "owner_name": "URBAN REDEVELOPMENT AUTHORITY OFPITTSBURGH",
        "parcel_key": "008300198000000",
        "organization": "Chatman Properties",
        "period_month": "2026-06",
        "assigned_flag": true,
        "returned_flag": false,
        "ownership_type": "URA",
        "masked_geometry": false,
        "completion_status": "missing",
        "maintenance_level": "Active"
      },
      "geometry": {
        "type": "Polygon",
        "coordinates": [
          [
            [
              -79.930855,
              40.463411
            ],
            [
              -79.931305,
              40.46358
            ],
            [
              -79.931464,
              40.463335
            ],
            [
              -79.931007,
              40.463162
            ],
            [
              -79.930855,
              40.463411
            ]
          ]
        ]
      }
    },
    {
      "type": "Feature",
      "properties": {
        "owner_name": "URBAN REDEVELOPMENT AUTHORITY OFPITTSBURGH",
        "parcel_key": "00830020800000",
        "organization": "Chatman Properties",
        "period_month": "2026-06",
        "assigned_flag": true,
        "returned_flag": false,
        "ownership_type": "URA",
        "masked_geometry": false,
        "completion_status": "missing",
        "maintenance_level": "Active"
      },
      "geometry": {
        "type": "Polygon",
        "coordinates": [
          [
            [
              -79.917021,
              40.465835
            ],
            [
              -79.91691,
              40.465904
            ],
            [
              -79.916979,
              40.465966
            ],
            [
              -79.917089,
              40.465896
            ],
            [
              -79.917021,
              40.465835
            ]
          ]
        ]
      }
    },
    {
      "type": "Feature",
      "properties": {
        "owner_name": "URBAN REDEVELOPMENT AUTHORITY OFPITTSBURGH",
        "parcel_key": "008300209000000",
        "organization": "Chatman Properties",
        "period_month": "2026-06",
        "assigned_flag": true,
        "returned_flag": false,
        "ownership_type": "URA",
        "masked_geometry": false,
        "completion_status": "missing",
        "maintenance_level": "Active"
      },
      "geometry": {
        "type": "Polygon",
        "coordinates": [
          [
            [
              -79.919842,
              40.463832
            ],
            [
              -79.920032,
              40.463901
            ],
            [
              -79.920155,
              40.463702
            ],
            [
              -79.920502,
              40.463827
            ],
            [
              -79.92094,
              40.46312
            ],
            [
              -79.921087,
              40.462948
            ],
            [
              -79.92109,
              40.462934
            ],
            [
              -79.921084,
              40.462921
            ],
            [
              -79.921072,
              40.462912
            ],
            [
              -79.920418,
              40.462662
            ],
            [
              -79.920274,
              40.462589
            ],
            [
              -79.920238,
              40.462586
            ],
            [
              -79.920216,
              40.462592
            ],
            [
              -79.920196,
              40.462603
            ],
            [
              -79.920183,
              40.462618
            ],
            [
              -79.920004,
              40.462911
            ],
            [
              -79.920335,
              40.463029
            ],
            [
              -79.919842,
              40.463832
            ]
          ]
        ]
      }
    },
    {
      "type": "Feature",
      "properties": {
        "owner_name": "URBAN REDEVELOPMENT AUTHORITY OFPITTSBURGH",
        "parcel_key": "008300271000000",
        "organization": "Chatman Properties",
        "period_month": "2026-06",
        "assigned_flag": true,
        "returned_flag": true,
        "ownership_type": "URA",
        "masked_geometry": false,
        "completion_status": "returned",
        "maintenance_level": "Active"
      },
      "geometry": {
        "type": "Polygon",
        "coordinates": [
          [
            [
              -79.922503,
              40.47011
            ],
            [
              -79.922684,
              40.470174
            ],
            [
              -79.922932,
              40.469768
            ],
            [
              -79.922757,
              40.469705
            ],
            [
              -79.922503,
              40.47011
            ]
          ]
        ]
      }
    },
    {
      "type": "Feature",
      "properties": {
        "owner_name": "URBAN REDEVELOPMENT AUTHORITY OFPITTSBURGH",
        "parcel_key": "008300276000000",
        "organization": "Chatman Properties",
        "period_month": "2026-06",
        "assigned_flag": true,
        "returned_flag": true,
        "ownership_type": "URA",
        "masked_geometry": false,
        "completion_status": "returned",
        "maintenance_level": "Active"
      },
      "geometry": {
        "type": "Polygon",
        "coordinates": [
          [
            [
              -79.91698,
              40.471043
            ],
            [
              -79.917159,
              40.471075
            ],
            [
              -79.917272,
              40.470739
            ],
            [
              -79.917098,
              40.470705
            ],
            [
              -79.91698,
              40.471043
            ]
          ]
        ]
      }
    },
    {
      "type": "Feature",
      "properties": {
        "owner_name": "URBAN REDEVELOPMENT AUTHORITY OFPITTSBURGH",
        "parcel_key": "008300279000000",
        "organization": "Chatman Properties",
        "period_month": "2026-06",
        "assigned_flag": true,
        "returned_flag": true,
        "ownership_type": "URA",
        "masked_geometry": false,
        "completion_status": "returned",
        "maintenance_level": "Active"
      },
      "geometry": {
        "type": "Polygon",
        "coordinates": [
          [
            [
              -79.917159,
              40.471075
            ],
            [
              -79.917323,
              40.471104
            ],
            [
              -79.917431,
              40.470769
            ],
            [
              -79.917272,
              40.470739
            ],
            [
              -79.917159,
              40.471075
            ]
          ]
        ]
      }
    },
    {
      "type": "Feature",
      "properties": {
        "owner_name": "URBAN REDEVELOPMENT AUTHORITY OFPITTSBURGH",
        "parcel_key": "008300386000000",
        "organization": "Chatman Properties",
        "period_month": "2026-06",
        "assigned_flag": true,
        "returned_flag": false,
        "ownership_type": "URA",
        "masked_geometry": false,
        "completion_status": "missing",
        "maintenance_level": "Active"
      },
      "geometry": {
        "type": "Polygon",
        "coordinates": [
          [
            [
              -79.916117,
              40.464945
            ],
            [
              -79.916172,
              40.464997
            ],
            [
              -79.916477,
              40.464799
            ],
            [
              -79.916422,
              40.464748
            ],
            [
              -79.916117,
              40.464945
            ]
          ]
        ]
      }
    },
    {
      "type": "Feature",
      "properties": {
        "owner_name": "URBAN REDEVELOPMENT AUTHORITY OFPITTSBURGH",
        "parcel_key": "008300502000000",
        "organization": "Chatman Properties",
        "period_month": "2026-06",
        "assigned_flag": true,
        "returned_flag": true,
        "ownership_type": "URA",
        "masked_geometry": false,
        "completion_status": "returned",
        "maintenance_level": "Active"
      },
      "geometry": {
        "type": "Polygon",
        "coordinates": [
          [
            [
              -79.916349,
              40.462454
            ],
            [
              -79.916238,
              40.462348
            ],
            [
              -79.916049,
              40.462474
            ],
            [
              -79.916104,
              40.462528
            ],
            [
              -79.916023,
              40.462581
            ],
            [
              -79.91608,
              40.462636
            ],
            [
              -79.916349,
              40.462454
            ]
          ]
        ]
      }
    },
    {
      "type": "Feature",
      "properties": {
        "owner_name": "URBAN REDEVELOPMENT AUTHORITY OFPITTSBURGH",
        "parcel_key": "012400068000000",
        "organization": "Chatman Properties",
        "period_month": "2026-06",
        "assigned_flag": true,
        "returned_flag": false,
        "ownership_type": "URA",
        "masked_geometry": false,
        "completion_status": "missing",
        "maintenance_level": "Active"
      },
      "geometry": {
        "type": "Polygon",
        "coordinates": [
          [
            [
              -79.905232,
              40.469907
            ],
            [
              -79.905817,
              40.470249
            ],
            [
              -79.906058,
              40.470011
            ],
            [
              -79.905469,
              40.469671
            ],
            [
              -79.905232,
              40.469907
            ]
          ]
        ]
      }
    },
    {
      "type": "Feature",
      "properties": {
        "owner_name": "URBAN REDEVELOPMENT AUTHORITY OFPITTSBURGH",
        "parcel_key": "012400144000000",
        "organization": "Chatman Properties",
        "period_month": "2026-06",
        "assigned_flag": true,
        "returned_flag": true,
        "ownership_type": "URA",
        "masked_geometry": false,
        "completion_status": "returned",
        "maintenance_level": "Active"
      },
      "geometry": {
        "type": "Polygon",
        "coordinates": [
          [
            [
              -79.914127,
              40.470556
            ],
            [
              -79.914358,
              40.470592
            ],
            [
              -79.914456,
              40.470244
            ],
            [
              -79.914228,
              40.470209
            ],
            [
              -79.914127,
              40.470556
            ]
          ]
        ]
      }
    },
    {
      "type": "Feature",
      "properties": {
        "owner_name": "URBAN REDEVELOPMENT AUTHORITY OFPITTSBURGH",
        "parcel_key": "012400145000000",
        "organization": "Chatman Properties",
        "period_month": "2026-06",
        "assigned_flag": true,
        "returned_flag": true,
        "ownership_type": "URA",
        "masked_geometry": false,
        "completion_status": "returned",
        "maintenance_level": "Active"
      },
      "geometry": {
        "type": "Polygon",
        "coordinates": [
          [
            [
              -79.901452,
              40.46551
            ],
            [
              -79.901668,
              40.465638
            ],
            [
              -79.901931,
              40.465384
            ],
            [
              -79.901715,
              40.465257
            ],
            [
              -79.901452,
              40.46551
            ]
          ]
        ]
      }
    },
    {
      "type": "Feature",
      "properties": {
        "owner_name": "URBAN REDEVELOPMENT AUTHORITY OFPITTSBURGH",
        "parcel_key": "012400294000000",
        "organization": "Chatman Properties",
        "period_month": "2026-06",
        "assigned_flag": true,
        "returned_flag": true,
        "ownership_type": "URA",
        "masked_geometry": false,
        "completion_status": "returned",
        "maintenance_level": "Active"
      },
      "geometry": {
        "type": "Polygon",
        "coordinates": [
          [
            [
              -79.91272,
              40.464364
            ],
            [
              -79.912772,
              40.464409
            ],
            [
              -79.91316,
              40.464157
            ],
            [
              -79.913109,
              40.46411
            ],
            [
              -79.91272,
              40.464364
            ]
          ]
        ]
      }
    },
    {
      "type": "Feature",
      "properties": {
        "owner_name": "URBAN REDEVELOPMENT AUTHORITY OFPITTSBURGH",
        "parcel_key": "01240036300000",
        "organization": "Chatman Properties",
        "period_month": "2026-06",
        "assigned_flag": true,
        "returned_flag": false,
        "ownership_type": "URA",
        "masked_geometry": false,
        "completion_status": "missing",
        "maintenance_level": "Active"
      },
      "geometry": {
        "type": "Polygon",
        "coordinates": [
          [
            [
              -79.912319,
              40.464695
            ],
            [
              -79.912365,
              40.464736
            ],
            [
              -79.912609,
              40.464583
            ],
            [
              -79.912556,
              40.464542
            ],
            [
              -79.912319,
              40.464695
            ]
          ]
        ]
      }
    },
    {
      "type": "Feature",
      "properties": {
        "owner_name": "URBAN REDEVELOPMENT AUTHORITY OFPITTSBURGH",
        "parcel_key": "012500226000000",
        "organization": "Chatman Properties",
        "period_month": "2026-06",
        "assigned_flag": true,
        "returned_flag": false,
        "ownership_type": "URA",
        "masked_geometry": false,
        "completion_status": "missing",
        "maintenance_level": "Active"
      },
      "geometry": {
        "type": "Polygon",
        "coordinates": [
          [
            [
              -79.90538,
              40.455939
            ],
            [
              -79.905129,
              40.455883
            ],
            [
              -79.904891,
              40.456216
            ],
            [
              -79.905216,
              40.456299
            ],
            [
              -79.90538,
              40.455939
            ]
          ]
        ]
      }
    },
    {
      "type": "Feature",
      "properties": {
        "owner_name": "URBAN REDEVELOPMENT AUTHORITY OFPITTSBURGH",
        "parcel_key": "012500234000000",
        "organization": "Chatman Properties",
        "period_month": "2026-06",
        "assigned_flag": true,
        "returned_flag": true,
        "ownership_type": "URA",
        "masked_geometry": false,
        "completion_status": "returned",
        "maintenance_level": "Active"
      },
      "geometry": {
        "type": "Polygon",
        "coordinates": [
          [
            [
              -79.900407,
              40.458632
            ],
            [
              -79.900581,
              40.458674
            ],
            [
              -79.900655,
              40.458488
            ],
            [
              -79.900476,
              40.458445
            ],
            [
              -79.900407,
              40.458632
            ]
          ]
        ]
      }
    },
    {
      "type": "Feature",
      "properties": {
        "owner_name": "URBAN REDEVELOPMENT AUTHORITY OFPITTSBURGH",
        "parcel_key": "01250033400000",
        "organization": "Chatman Properties",
        "period_month": "2026-06",
        "assigned_flag": true,
        "returned_flag": true,
        "ownership_type": "URA",
        "masked_geometry": false,
        "completion_status": "returned",
        "maintenance_level": "Active"
      },
      "geometry": {
        "type": "Polygon",
        "coordinates": [
          [
            [
              -79.916104,
              40.462528
            ],
            [
              -79.916011,
              40.462439
            ],
            [
              -79.915929,
              40.462495
            ],
            [
              -79.916023,
              40.462581
            ],
            [
              -79.916104,
              40.462528
            ]
          ]
        ]
      }
    },
    {
      "type": "Feature",
      "properties": {
        "owner_name": "URBAN REDEVELOPMENT AUTHORITY OFPITTSBURGH",
        "parcel_key": "012500344000000",
        "organization": "Chatman Properties",
        "period_month": "2026-06",
        "assigned_flag": true,
        "returned_flag": true,
        "ownership_type": "URA",
        "masked_geometry": false,
        "completion_status": "returned",
        "maintenance_level": "Active"
      },
      "geometry": {
        "type": "Polygon",
        "coordinates": [
          [
            [
              -79.915732,
              40.461895
            ],
            [
              -79.915661,
              40.461838
            ],
            [
              -79.915389,
              40.462013
            ],
            [
              -79.915457,
              40.462074
            ],
            [
              -79.915732,
              40.461895
            ]
          ]
        ]
      }
    },
    {
      "type": "Feature",
      "properties": {
        "owner_name": "URBAN REDEVELOPMENT AUTHORITY OFPITTSBURGH",
        "parcel_key": "012500345000100",
        "organization": "Chatman Properties",
        "period_month": "2026-06",
        "assigned_flag": true,
        "returned_flag": true,
        "ownership_type": "URA",
        "masked_geometry": false,
        "completion_status": "returned",
        "maintenance_level": "Active"
      },
      "geometry": {
        "type": "Polygon",
        "coordinates": [
          [
            [
              -79.915285,
              40.461923
            ],
            [
              -79.915389,
              40.462013
            ],
            [
              -79.915661,
              40.461838
            ],
            [
              -79.915555,
              40.461746
            ],
            [
              -79.915285,
              40.461923
            ]
          ]
        ]
      }
    },
    {
      "type": "Feature",
      "properties": {
        "owner_name": "URBAN REDEVELOPMENT AUTHORITY OFPITTSBURGH",
        "parcel_key": "017200299000000",
        "organization": "Chatman Properties",
        "period_month": "2026-06",
        "assigned_flag": true,
        "returned_flag": false,
        "ownership_type": "URA",
        "masked_geometry": false,
        "completion_status": "request_only",
        "maintenance_level": "Request Only"
      },
      "geometry": {
        "type": "Polygon",
        "coordinates": [
          [
            [
              -79.893737,
              40.473596
            ],
            [
              -79.893792,
              40.473645
            ],
            [
              -79.895129,
              40.472545
            ],
            [
              -79.895066,
              40.4725
            ],
            [
              -79.893737,
              40.473596
            ]
          ]
        ]
      }
    },
    {
      "type": "Feature",
      "properties": {
        "owner_name": "URBAN REDEVELOPMENT AUTHORITY OFPITTSBURGH",
        "parcel_key": "017200350000000",
        "organization": "Chatman Properties",
        "period_month": "2026-06",
        "assigned_flag": true,
        "returned_flag": false,
        "ownership_type": "URA",
        "masked_geometry": false,
        "completion_status": "request_only",
        "maintenance_level": "Request Only"
      },
      "geometry": {
        "type": "Polygon",
        "coordinates": [
          [
            [
              -79.893895,
              40.475108
            ],
            [
              -79.897978,
              40.47558
            ],
            [
              -79.898146,
              40.475559
            ],
            [
              -79.898029,
              40.475209
            ],
            [
              -79.897949,
              40.474867
            ],
            [
              -79.897906,
              40.474291
            ],
            [
              -79.897805,
              40.474083
            ],
            [
              -79.897695,
              40.473945
            ],
            [
              -79.897406,
              40.474177
            ],
            [
              -79.897345,
              40.474217
            ],
            [
              -79.897062,
              40.474443
            ],
            [
              -79.896992,
              40.474506
            ],
            [
              -79.896919,
              40.474522
            ],
            [
              -79.896877,
              40.474511
            ],
            [
              -79.896769,
              40.47424
            ],
            [
              -79.896572,
              40.473937
            ],
            [
              -79.895755,
              40.472312
            ],
            [
              -79.895712,
              40.47219
            ],
            [
              -79.895669,
              40.472131
            ],
            [
              -79.895563,
              40.47219
            ],
            [
              -79.893792,
              40.473645
            ],
            [
              -79.893337,
              40.473993
            ],
            [
              -79.893785,
              40.474687
            ],
            [
              -79.893834,
              40.474775
            ],
            [
              -79.893895,
              40.474946
            ],
            [
              -79.893902,
              40.475001
            ],
            [
              -79.893895,
              40.475108
            ]
          ]
        ]
      }
    },
    {
      "type": "Feature",
      "properties": {
        "owner_name": "URBAN REDEVELOPMENT AUTHORITY OFPITTSBURGH",
        "parcel_key": "01740002400000",
        "organization": "Chatman Properties",
        "period_month": "2026-06",
        "assigned_flag": true,
        "returned_flag": false,
        "ownership_type": "URA",
        "masked_geometry": false,
        "completion_status": "request_only",
        "maintenance_level": "Request Only"
      },
      "geometry": {
        "type": "Polygon",
        "coordinates": [
          [
            [
              -79.889425,
              40.460329
            ],
            [
              -79.88952,
              40.460351
            ],
            [
              -79.88965,
              40.460002
            ],
            [
              -79.88956,
              40.459982
            ],
            [
              -79.889425,
              40.460329
            ]
          ]
        ]
      }
    },
    {
      "type": "Feature",
      "properties": {
        "owner_name": "URBAN REDEVELOPMENT AUTHORITY OFPITTSBURGH",
        "parcel_key": "017400053000000",
        "organization": "Chatman Properties",
        "period_month": "2026-06",
        "assigned_flag": true,
        "returned_flag": false,
        "ownership_type": "URA",
        "masked_geometry": false,
        "completion_status": "missing",
        "maintenance_level": "Active"
      },
      "geometry": {
        "type": "Polygon",
        "coordinates": [
          [
            [
              -79.89088,
              40.460663
            ],
            [
              -79.891008,
              40.460313
            ],
            [
              -79.890731,
              40.460597
            ],
            [
              -79.890721,
              40.460626
            ],
            [
              -79.89088,
              40.460663
            ]
          ]
        ]
      }
    },
    {
      "type": "Feature",
      "properties": {
        "owner_name": "URBAN REDEVELOPMENT AUTHORITY OFPITTSBURGH",
        "parcel_key": "017500150000000",
        "organization": "Chatman Properties",
        "period_month": "2026-06",
        "assigned_flag": true,
        "returned_flag": true,
        "ownership_type": "URA",
        "masked_geometry": false,
        "completion_status": "returned",
        "maintenance_level": "Active"
      },
      "geometry": {
        "type": "Polygon",
        "coordinates": [
          [
            [
              -79.892291,
              40.451431
            ],
            [
              -79.892129,
              40.451671
            ],
            [
              -79.892197,
              40.451698
            ],
            [
              -79.892354,
              40.451455
            ],
            [
              -79.892291,
              40.451431
            ]
          ]
        ]
      }
    },
    {
      "type": "Feature",
      "properties": {
        "owner_name": "URBAN REDEVELOPMENT AUTHORITY OFPITTSBURGH",
        "parcel_key": "017500330000000",
        "organization": "Chatman Properties",
        "period_month": "2026-06",
        "assigned_flag": true,
        "returned_flag": false,
        "ownership_type": "URA",
        "masked_geometry": false,
        "completion_status": "missing",
        "maintenance_level": "Active"
      },
      "geometry": {
        "type": "Polygon",
        "coordinates": [
          [
            [
              -79.887611,
              40.451484
            ],
            [
              -79.887873,
              40.451606
            ],
            [
              -79.887922,
              40.451545
            ],
            [
              -79.887663,
              40.451426
            ],
            [
              -79.887611,
              40.451484
            ]
          ]
        ]
      }
    },
    {
      "type": "Feature",
      "properties": {
        "owner_name": "URBAN REDEVELOPMENT AUTHORITY OFPITTSBURGH",
        "parcel_key": "023100074000000",
        "organization": "Chatman Properties",
        "period_month": "2026-06",
        "assigned_flag": true,
        "returned_flag": false,
        "ownership_type": "URA",
        "masked_geometry": false,
        "completion_status": "missing",
        "maintenance_level": "Active"
      },
      "geometry": {
        "type": "Polygon",
        "coordinates": [
          [
            [
              -79.877362,
              40.456524
            ],
            [
              -79.877862,
              40.456843
            ],
            [
              -79.877989,
              40.456726
            ],
            [
              -79.877505,
              40.456421
            ],
            [
              -79.877362,
              40.456524
            ]
          ]
        ]
      }
    },
    {
      "type": "Feature",
      "properties": {
        "owner_name": "URBAN REDEVELOPMENT AUTHORITY OFPITTSBURGH",
        "parcel_key": "023100203000000",
        "organization": "Chatman Properties",
        "period_month": "2026-06",
        "assigned_flag": true,
        "returned_flag": false,
        "ownership_type": "URA",
        "masked_geometry": false,
        "completion_status": "missing",
        "maintenance_level": "Active"
      },
      "geometry": {
        "type": "Polygon",
        "coordinates": [
          [
            [
              -79.876586,
              40.456476
            ],
            [
              -79.876652,
              40.456428
            ],
            [
              -79.876411,
              40.456232
            ],
            [
              -79.876346,
              40.456279
            ],
            [
              -79.876586,
              40.456476
            ]
          ]
        ]
      }
    },
    {
      "type": "Feature",
      "properties": {
        "owner_name": "URBAN REDEVELOPMENT AUTHORITY OFPITTSBURGH",
        "parcel_key": "000700222000000",
        "organization": "Ervin Home Beautification",
        "period_month": "2026-06",
        "assigned_flag": true,
        "returned_flag": false,
        "ownership_type": "URA",
        "masked_geometry": false,
        "completion_status": "missing",
        "maintenance_level": "Active"
      },
      "geometry": {
        "type": "Polygon",
        "coordinates": [
          [
            [
              -80.019368,
              40.450578
            ],
            [
              -80.019493,
              40.450937
            ],
            [
              -80.019706,
              40.450897
            ],
            [
              -80.019565,
              40.45054
            ],
            [
              -80.019368,
              40.450578
            ]
          ]
        ]
      }
    },
    {
      "type": "Feature",
      "properties": {
        "owner_name": "URBAN REDEVELOPMENT AUTHORITY OFPITTSBURGH",
        "parcel_key": "000700350000000",
        "organization": "Ervin Home Beautification",
        "period_month": "2026-06",
        "assigned_flag": true,
        "returned_flag": false,
        "ownership_type": "URA",
        "masked_geometry": false,
        "completion_status": "missing",
        "maintenance_level": "Active"
      },
      "geometry": {
        "type": "Polygon",
        "coordinates": [
          [
            [
              -80.025789,
              40.452652
            ],
            [
              -80.025676,
              40.45232
            ],
            [
              -80.025607,
              40.452333
            ],
            [
              -80.025717,
              40.452664
            ],
            [
              -80.025789,
              40.452652
            ]
          ]
        ]
      }
    },
    {
      "type": "Feature",
      "properties": {
        "owner_name": "URBAN REDEVELOPMENT AUTHORITY OFPITTSBURGH",
        "parcel_key": "001400160000000",
        "organization": "Ervin Home Beautification",
        "period_month": "2026-06",
        "assigned_flag": true,
        "returned_flag": false,
        "ownership_type": "URA",
        "masked_geometry": false,
        "completion_status": "missing",
        "maintenance_level": "Active"
      },
      "geometry": {
        "type": "Polygon",
        "coordinates": [
          [
            [
              -79.988892,
              40.420029
            ],
            [
              -79.988881,
              40.419688
            ],
            [
              -79.988659,
              40.419692
            ],
            [
              -79.98868,
              40.420033
            ],
            [
              -79.988892,
              40.420029
            ]
          ]
        ]
      }
    },
    {
      "type": "Feature",
      "properties": {
        "owner_name": "URBAN REDEVELOPMENT AUTHORITY OFPITTSBURGH",
        "parcel_key": "001500199000000",
        "organization": "Ervin Home Beautification",
        "period_month": "2026-06",
        "assigned_flag": true,
        "returned_flag": false,
        "ownership_type": "URA",
        "masked_geometry": false,
        "completion_status": "missing",
        "maintenance_level": "Active"
      },
      "geometry": {
        "type": "Polygon",
        "coordinates": [
          [
            [
              -80.008749,
              40.422007
            ],
            [
              -80.008863,
              40.422019
            ],
            [
              -80.008909,
              40.421773
            ],
            [
              -80.008797,
              40.421761
            ],
            [
              -80.008749,
              40.422007
            ]
          ]
        ]
      }
    },
    {
      "type": "Feature",
      "properties": {
        "owner_name": "URBAN REDEVELOPMENT AUTHORITY OFPITTSBURGH",
        "parcel_key": "001500236000000",
        "organization": "Ervin Home Beautification",
        "period_month": "2026-06",
        "assigned_flag": true,
        "returned_flag": true,
        "ownership_type": "URA",
        "masked_geometry": false,
        "completion_status": "returned",
        "maintenance_level": "Active"
      },
      "geometry": {
        "type": "Polygon",
        "coordinates": [
          [
            [
              -80.012137,
              40.421893
            ],
            [
              -80.012135,
              40.422073
            ],
            [
              -80.012441,
              40.422074
            ],
            [
              -80.012499,
              40.421895
            ],
            [
              -80.012137,
              40.421893
            ]
          ]
        ]
      }
    },
    {
      "type": "Feature",
      "properties": {
        "owner_name": "URBAN REDEVELOPMENT AUTHORITY OFPITTSBURGH",
        "parcel_key": "00220000800000",
        "organization": "Ervin Home Beautification",
        "period_month": "2026-06",
        "assigned_flag": true,
        "returned_flag": false,
        "ownership_type": "URA",
        "masked_geometry": false,
        "completion_status": "missing",
        "maintenance_level": "Active"
      },
      "geometry": {
        "type": "Polygon",
        "coordinates": [
          [
            [
              -80.023666,
              40.455052
            ],
            [
              -80.023698,
              40.455147
            ],
            [
              -80.023761,
              40.455136
            ],
            [
              -80.023729,
              40.45504
            ],
            [
              -80.023666,
              40.455052
            ]
          ]
        ]
      }
    },
    {
      "type": "Feature",
      "properties": {
        "owner_name": "URBAN REDEVELOPMENT AUTHORITY OFPITTSBURGH",
        "parcel_key": "00220003400000",
        "organization": "Ervin Home Beautification",
        "period_month": "2026-06",
        "assigned_flag": true,
        "returned_flag": true,
        "ownership_type": "URA",
        "masked_geometry": false,
        "completion_status": "returned",
        "maintenance_level": "Active"
      },
      "geometry": {
        "type": "Polygon",
        "coordinates": [
          [
            [
              -80.027771,
              40.459348
            ],
            [
              -80.027787,
              40.459397
            ],
            [
              -80.028011,
              40.459352
            ],
            [
              -80.027995,
              40.459306
            ],
            [
              -80.027771,
              40.459348
            ]
          ]
        ]
      }
    },
    {
      "type": "Feature",
      "properties": {
        "owner_name": "URBAN REDEVELOPMENT AUTHORITY OFPITTSBURGH",
        "parcel_key": "00220003500000",
        "organization": "Ervin Home Beautification",
        "period_month": "2026-06",
        "assigned_flag": true,
        "returned_flag": false,
        "ownership_type": "URA",
        "masked_geometry": false,
        "completion_status": "missing",
        "maintenance_level": "Active"
      },
      "geometry": {
        "type": "Polygon",
        "coordinates": [
          [
            [
              -80.027735,
              40.459241
            ],
            [
              -80.027755,
              40.459302
            ],
            [
              -80.027979,
              40.459259
            ],
            [
              -80.02796,
              40.459204
            ],
            [
              -80.027735,
              40.459241
            ]
          ]
        ]
      }
    },
    {
      "type": "Feature",
      "properties": {
        "owner_name": "URBAN REDEVELOPMENT AUTHORITY OFPITTSBURGH",
        "parcel_key": "00220004400000",
        "organization": "Ervin Home Beautification",
        "period_month": "2026-06",
        "assigned_flag": true,
        "returned_flag": false,
        "ownership_type": "URA",
        "masked_geometry": false,
        "completion_status": "missing",
        "maintenance_level": "Active"
      },
      "geometry": {
        "type": "Polygon",
        "coordinates": [
          [
            [
              -80.019711,
              40.45943
            ],
            [
              -80.019744,
              40.459537
            ],
            [
              -80.019835,
              40.459521
            ],
            [
              -80.019797,
              40.459412
            ],
            [
              -80.019711,
              40.45943
            ]
          ]
        ]
      }
    },
    {
      "type": "Feature",
      "properties": {
        "owner_name": "URBAN REDEVELOPMENT AUTHORITY OFPITTSBURGH",
        "parcel_key": "002200069000002",
        "organization": "Ervin Home Beautification",
        "period_month": "2026-06",
        "assigned_flag": true,
        "returned_flag": true,
        "ownership_type": "URA",
        "masked_geometry": false,
        "completion_status": "returned",
        "maintenance_level": "Active"
      },
      "geometry": {
        "type": "Polygon",
        "coordinates": [
          [
            [
              -80.025784,
              40.457155
            ],
            [
              -80.0258,
              40.457205
            ],
            [
              -80.026044,
              40.45716
            ],
            [
              -80.026028,
              40.45711
            ],
            [
              -80.025784,
              40.457155
            ]
          ]
        ]
      }
    },
    {
      "type": "Feature",
      "properties": {
        "owner_name": "URBAN REDEVELOPMENT AUTHORITY OFPITTSBURGH",
        "parcel_key": "00220009100000",
        "organization": "Ervin Home Beautification",
        "period_month": "2026-06",
        "assigned_flag": true,
        "returned_flag": false,
        "ownership_type": "URA",
        "masked_geometry": false,
        "completion_status": "missing",
        "maintenance_level": "Active"
      },
      "geometry": {
        "type": "Polygon",
        "coordinates": [
          [
            [
              -80.023221,
              40.456894
            ],
            [
              -80.023231,
              40.456926
            ],
            [
              -80.023395,
              40.456896
            ],
            [
              -80.023386,
              40.456864
            ],
            [
              -80.023221,
              40.456894
            ]
          ]
        ]
      }
    },
    {
      "type": "Feature",
      "properties": {
        "owner_name": "URBAN REDEVELOPMENT AUTHORITY OFPITTSBURGH",
        "parcel_key": "002200118000001",
        "organization": "Ervin Home Beautification",
        "period_month": "2026-06",
        "assigned_flag": true,
        "returned_flag": true,
        "ownership_type": "URA",
        "masked_geometry": false,
        "completion_status": "returned",
        "maintenance_level": "Active"
      },
      "geometry": {
        "type": "Polygon",
        "coordinates": [
          [
            [
              -80.028023,
              40.458284
            ],
            [
              -80.028081,
              40.458468
            ],
            [
              -80.028388,
              40.458411
            ],
            [
              -80.02833,
              40.458227
            ],
            [
              -80.028023,
              40.458284
            ]
          ]
        ]
      }
    },
    {
      "type": "Feature",
      "properties": {
        "owner_name": "URBAN REDEVELOPMENT AUTHORITY OFPITTSBURGH",
        "parcel_key": "00220020900000",
        "organization": "Ervin Home Beautification",
        "period_month": "2026-06",
        "assigned_flag": true,
        "returned_flag": false,
        "ownership_type": "URA",
        "masked_geometry": false,
        "completion_status": "missing",
        "maintenance_level": "Active"
      },
      "geometry": {
        "type": "Polygon",
        "coordinates": [
          [
            [
              -80.021825,
              40.453549
            ],
            [
              -80.02179,
              40.453446
            ],
            [
              -80.021717,
              40.45346
            ],
            [
              -80.021752,
              40.453563
            ],
            [
              -80.021825,
              40.453549
            ]
          ]
        ]
      }
    },
    {
      "type": "Feature",
      "properties": {
        "owner_name": "URBAN REDEVELOPMENT AUTHORITY OFPITTSBURGH",
        "parcel_key": "002200256000000",
        "organization": "Ervin Home Beautification",
        "period_month": "2026-06",
        "assigned_flag": true,
        "returned_flag": false,
        "ownership_type": "URA",
        "masked_geometry": false,
        "completion_status": "missing",
        "maintenance_level": "Active"
      },
      "geometry": {
        "type": "Polygon",
        "coordinates": [
          [
            [
              -80.022969,
              40.457696
            ],
            [
              -80.022901,
              40.457786
            ],
            [
              -80.023279,
              40.458007
            ],
            [
              -80.023424,
              40.457978
            ],
            [
              -80.023315,
              40.457637
            ],
            [
              -80.022969,
              40.457696
            ]
          ]
        ]
      }
    },
    {
      "type": "Feature",
      "properties": {
        "owner_name": "URBAN REDEVELOPMENT AUTHORITY OFPITTSBURGH",
        "parcel_key": "00220026700000",
        "organization": "Ervin Home Beautification",
        "period_month": "2026-06",
        "assigned_flag": true,
        "returned_flag": false,
        "ownership_type": "URA",
        "masked_geometry": false,
        "completion_status": "missing",
        "maintenance_level": "Active"
      },
      "geometry": {
        "type": "Polygon",
        "coordinates": [
          [
            [
              -80.028641,
              40.457942
            ],
            [
              -80.02859,
              40.45779
            ],
            [
              -80.028521,
              40.457803
            ],
            [
              -80.028573,
              40.457954
            ],
            [
              -80.028641,
              40.457942
            ]
          ]
        ]
      }
    },
    {
      "type": "Feature",
      "properties": {
        "owner_name": "URBAN REDEVELOPMENT AUTHORITY OFPITTSBURGH",
        "parcel_key": "00220028300000",
        "organization": "Ervin Home Beautification",
        "period_month": "2026-06",
        "assigned_flag": true,
        "returned_flag": true,
        "ownership_type": "URA",
        "masked_geometry": false,
        "completion_status": "returned",
        "maintenance_level": "Active"
      },
      "geometry": {
        "type": "Polygon",
        "coordinates": [
          [
            [
              -80.026097,
              40.45753
            ],
            [
              -80.026161,
              40.457719
            ],
            [
              -80.026214,
              40.457706
            ],
            [
              -80.026156,
              40.457519
            ],
            [
              -80.026097,
              40.45753
            ]
          ]
        ]
      }
    },
    {
      "type": "Feature",
      "properties": {
        "owner_name": "URBAN REDEVELOPMENT AUTHORITY OFPITTSBURGH",
        "parcel_key": "002200299000000",
        "organization": "Ervin Home Beautification",
        "period_month": "2026-06",
        "assigned_flag": true,
        "returned_flag": true,
        "ownership_type": "URA",
        "masked_geometry": false,
        "completion_status": "returned",
        "maintenance_level": "Active"
      },
      "geometry": {
        "type": "Polygon",
        "coordinates": [
          [
            [
              -80.0169,
              40.460731
            ],
            [
              -80.016917,
              40.460785
            ],
            [
              -80.017275,
              40.460723
            ],
            [
              -80.017256,
              40.460663
            ],
            [
              -80.0169,
              40.460731
            ]
          ]
        ]
      }
    },
    {
      "type": "Feature",
      "properties": {
        "owner_name": "URBAN REDEVELOPMENT AUTHORITY OFPITTSBURGH",
        "parcel_key": "017400048000000",
        "organization": "FHCV Contracting LLC & LawnCare",
        "period_month": "2026-06",
        "assigned_flag": true,
        "returned_flag": false,
        "ownership_type": "URA",
        "masked_geometry": false,
        "completion_status": "missing",
        "maintenance_level": "Active"
      },
      "geometry": {
        "type": "Polygon",
        "coordinates": [
          [
            [
              -79.888208,
              40.457207
            ],
            [
              -79.888148,
              40.457214
            ],
            [
              -79.888448,
              40.457852
            ],
            [
              -79.889106,
              40.458001
            ],
            [
              -79.8892,
              40.457758
            ],
            [
              -79.88867,
              40.457637
            ],
            [
              -79.888709,
              40.457544
            ],
            [
              -79.888329,
              40.457433
            ],
            [
              -79.888394,
              40.45725
            ],
            [
              -79.888208,
              40.457207
            ]
          ]
        ]
      }
    },
    {
      "type": "Feature",
      "properties": {
        "owner_name": "URBAN REDEVELOPMENT AUTHORITY OFPITTSBURGH",
        "parcel_key": "017400058000000",
        "organization": "FHCV Contracting LLC & LawnCare",
        "period_month": "2026-06",
        "assigned_flag": true,
        "returned_flag": false,
        "ownership_type": "URA",
        "masked_geometry": false,
        "completion_status": "missing",
        "maintenance_level": "Active"
      },
      "geometry": {
        "type": "Polygon",
        "coordinates": [
          [
            [
              -79.898885,
              40.459939
            ],
            [
              -79.89913,
              40.459995
            ],
            [
              -79.899271,
              40.459637
            ],
            [
              -79.899022,
              40.459579
            ],
            [
              -79.898885,
              40.459939
            ]
          ]
        ]
      }
    },
    {
      "type": "Feature",
      "properties": {
        "owner_name": "URBAN REDEVELOPMENT AUTHORITY OFPITTSBURGH",
        "parcel_key": "017400335000000",
        "organization": "FHCV Contracting LLC & LawnCare",
        "period_month": "2026-06",
        "assigned_flag": true,
        "returned_flag": false,
        "ownership_type": "URA",
        "masked_geometry": false,
        "completion_status": "request_only",
        "maintenance_level": "Request Only"
      },
      "geometry": {
        "type": "Polygon",
        "coordinates": [
          [
            [
              -79.888858,
              40.46016
            ],
            [
              -79.888947,
              40.46018
            ],
            [
              -79.889073,
              40.459871
            ],
            [
              -79.888982,
              40.45985
            ],
            [
              -79.888858,
              40.46016
            ]
          ]
        ]
      }
    },
    {
      "type": "Feature",
      "properties": {
        "owner_name": "URBAN REDEVELOPMENT AUTHORITY OFPITTSBURGH",
        "parcel_key": "017400372000000",
        "organization": "FHCV Contracting LLC & LawnCare",
        "period_month": "2026-06",
        "assigned_flag": true,
        "returned_flag": false,
        "ownership_type": "URA",
        "masked_geometry": false,
        "completion_status": "missing",
        "maintenance_level": "Active"
      },
      "geometry": {
        "type": "Polygon",
        "coordinates": [
          [
            [
              -79.88877,
              40.457601
            ],
            [
              -79.888813,
              40.457609
            ],
            [
              -79.888903,
              40.457366
            ],
            [
              -79.888853,
              40.457353
            ],
            [
              -79.88877,
              40.457601
            ]
          ]
        ]
      }
    },
    {
      "type": "Feature",
      "properties": {
        "owner_name": "URBAN REDEVELOPMENT AUTHORITY OFPITTSBURGH",
        "parcel_key": "017400501000000",
        "organization": "FHCV Contracting LLC & LawnCare",
        "period_month": "2026-06",
        "assigned_flag": true,
        "returned_flag": false,
        "ownership_type": "URA",
        "masked_geometry": false,
        "completion_status": "request_only",
        "maintenance_level": "Request Only"
      },
      "geometry": {
        "type": "MultiPolygon",
        "coordinates": [
          [
            [
              [
                -79.889186,
                40.460303
              ],
              [
                -79.889881,
                40.460463
              ],
              [
                -79.889891,
                40.460437
              ],
              [
                -79.889197,
                40.460276
              ],
              [
                -79.889186,
                40.460303
              ]
            ]
          ],
          [
            [
              [
                -79.890709,
                40.460655
              ],
              [
                -79.891239,
                40.460778
              ],
              [
                -79.891251,
                40.460748
              ],
              [
                -79.890721,
                40.460626
              ],
              [
                -79.890709,
                40.460655
              ]
            ]
          ]
        ]
      }
    },
    {
      "type": "Feature",
      "properties": {
        "owner_name": "URBAN REDEVELOPMENT AUTHORITY OFPITTSBURGH",
        "parcel_key": "000100183000000",
        "organization": "Hilltop Rising",
        "period_month": "2026-06",
        "assigned_flag": true,
        "returned_flag": false,
        "ownership_type": "URA",
        "masked_geometry": false,
        "completion_status": "missing",
        "maintenance_level": "Active"
      },
      "geometry": {
        "type": "Polygon",
        "coordinates": [
          [
            [
              -80.014024,
              40.434142
            ],
            [
              -80.013673,
              40.434101
            ],
            [
              -80.013667,
              40.43414
            ],
            [
              -80.01402,
              40.434179
            ],
            [
              -80.014024,
              40.434142
            ]
          ]
        ]
      }
    },
    {
      "type": "Feature",
      "properties": {
        "owner_name": "URBAN REDEVELOPMENT AUTHORITY OFPITTSBURGH",
        "parcel_key": "000200056000000",
        "organization": "Hilltop Rising",
        "period_month": "2026-06",
        "assigned_flag": true,
        "returned_flag": false,
        "ownership_type": "URA",
        "masked_geometry": false,
        "completion_status": "missing",
        "maintenance_level": "Active"
      },
      "geometry": {
        "type": "Polygon",
        "coordinates": [
          [
            [
              -79.99637,
              40.437156
            ],
            [
              -79.996575,
              40.437232
            ],
            [
              -79.996684,
              40.437062
            ],
            [
              -79.996473,
              40.436988
            ],
            [
              -79.99637,
              40.437156
            ]
          ]
        ]
      }
    },
    {
      "type": "Feature",
      "properties": {
        "owner_name": "URBAN REDEVELOPMENT AUTHORITY OFPITTSBURGH",
        "parcel_key": "000200149000000",
        "organization": "Hilltop Rising",
        "period_month": "2026-06",
        "assigned_flag": true,
        "returned_flag": false,
        "ownership_type": "URA",
        "masked_geometry": false,
        "completion_status": "missing",
        "maintenance_level": "Active"
      },
      "geometry": {
        "type": "Polygon",
        "coordinates": [
          [
            [
              -79.98288,
              40.439079
            ],
            [
              -79.982982,
              40.439083
            ],
            [
              -79.983005,
              40.438836
            ],
            [
              -79.982902,
              40.438831
            ],
            [
              -79.98288,
              40.439079
            ]
          ]
        ]
      }
    },
    {
      "type": "Feature",
      "properties": {
        "owner_name": "URBAN REDEVELOPMENT AUTHORITY OFPITTSBURGH",
        "parcel_key": "000200151000000",
        "organization": "Hilltop Rising",
        "period_month": "2026-06",
        "assigned_flag": true,
        "returned_flag": false,
        "ownership_type": "URA",
        "masked_geometry": false,
        "completion_status": "missing",
        "maintenance_level": "Active"
      },
      "geometry": {
        "type": "Polygon",
        "coordinates": [
          [
            [
              -79.982892,
              40.43894
            ],
            [
              -79.982902,
              40.438831
            ],
            [
              -79.982786,
              40.438826
            ],
            [
              -79.982775,
              40.438933
            ],
            [
              -79.982892,
              40.43894
            ]
          ]
        ]
      }
    },
    {
      "type": "Feature",
      "properties": {
        "owner_name": "URBAN REDEVELOPMENT AUTHORITY OFPITTSBURGH",
        "parcel_key": "000200240000200",
        "organization": "Hilltop Rising",
        "period_month": "2026-06",
        "assigned_flag": true,
        "returned_flag": false,
        "ownership_type": "URA",
        "masked_geometry": false,
        "completion_status": "request_only",
        "maintenance_level": "Request Only"
      },
      "geometry": {
        "type": "Polygon",
        "coordinates": [
          [
            [
              -79.99466,
              40.439028
            ],
            [
              -79.994233,
              40.439843
            ],
            [
              -79.994367,
              40.439887
            ],
            [
              -79.99476,
              40.439112
            ],
            [
              -79.994789,
              40.439061
            ],
            [
              -79.994818,
              40.439036
            ],
            [
              -79.99466,
              40.439028
            ]
          ]
        ]
      }
    },
    {
      "type": "Feature",
      "properties": {
        "owner_name": "URBAN REDEVELOPMENT AUTHORITY OFPITTSBURGH",
        "parcel_key": "000200261000000",
        "organization": "Hilltop Rising",
        "period_month": "2026-06",
        "assigned_flag": true,
        "returned_flag": false,
        "ownership_type": "URA",
        "masked_geometry": false,
        "completion_status": "missing",
        "maintenance_level": "Active"
      },
      "geometry": {
        "type": "Polygon",
        "coordinates": [
          [
            [
              -79.987179,
              40.436829
            ],
            [
              -79.98822,
              40.436872
            ],
            [
              -79.988395,
              40.436754
            ],
            [
              -79.98842,
              40.436403
            ],
            [
              -79.987224,
              40.436357
            ],
            [
              -79.987186,
              40.43672
            ],
            [
              -79.987179,
              40.436829
            ]
          ]
        ]
      }
    },
    {
      "type": "Feature",
      "properties": {
        "owner_name": "URBAN REDEVELOPMENT AUTHORITY OFPITTSBURGH",
        "parcel_key": "000200300000000",
        "organization": "Hilltop Rising",
        "period_month": "2026-06",
        "assigned_flag": true,
        "returned_flag": false,
        "ownership_type": "URA",
        "masked_geometry": false,
        "completion_status": "missing",
        "maintenance_level": "Active"
      },
      "geometry": {
        "type": "Polygon",
        "coordinates": [
          [
            [
              -79.994102,
              40.435317
            ],
            [
              -79.994359,
              40.434905
            ],
            [
              -79.994607,
              40.434908
            ],
            [
              -79.994657,
              40.434395
            ],
            [
              -79.992611,
              40.434253
            ],
            [
              -79.992181,
              40.434242
            ],
            [
              -79.992156,
              40.43452
            ],
            [
              -79.992124,
              40.434588
            ],
            [
              -79.994102,
              40.435317
            ]
          ]
        ]
      }
    },
    {
      "type": "Feature",
      "properties": {
        "owner_name": "URBAN REDEVELOPMENT AUTHORITY OFPITTSBURGH",
        "parcel_key": "000200312000000",
        "organization": "Hilltop Rising",
        "period_month": "2026-06",
        "assigned_flag": true,
        "returned_flag": false,
        "ownership_type": "URA",
        "masked_geometry": false,
        "completion_status": "missing",
        "maintenance_level": "Active"
      },
      "geometry": {
        "type": "Polygon",
        "coordinates": [
          [
            [
              -79.982778,
              40.441406
            ],
            [
              -79.982814,
              40.441456
            ],
            [
              -79.983132,
              40.441326
            ],
            [
              -79.983095,
              40.441273
            ],
            [
              -79.982778,
              40.441406
            ]
          ]
        ]
      }
    },
    {
      "type": "Feature",
      "properties": {
        "owner_name": "URBAN REDEVELOPMENT AUTHORITY OFPITTSBURGH",
        "parcel_key": "000200318000000",
        "organization": "Hilltop Rising",
        "period_month": "2026-06",
        "assigned_flag": true,
        "returned_flag": false,
        "ownership_type": "URA",
        "masked_geometry": false,
        "completion_status": "missing",
        "maintenance_level": "Active"
      },
      "geometry": {
        "type": "Polygon",
        "coordinates": [
          [
            [
              -79.991961,
              40.438778
            ],
            [
              -79.992108,
              40.438785
            ],
            [
              -79.992145,
              40.438468
            ],
            [
              -79.992004,
              40.438461
            ],
            [
              -79.991961,
              40.438778
            ]
          ]
        ]
      }
    },
    {
      "type": "Feature",
      "properties": {
        "owner_name": "URBAN REDEVELOPMENT AUTHORITY OFPITTSBURGH",
        "parcel_key": "000200319000000",
        "organization": "Hilltop Rising",
        "period_month": "2026-06",
        "assigned_flag": true,
        "returned_flag": false,
        "ownership_type": "URA",
        "masked_geometry": false,
        "completion_status": "missing",
        "maintenance_level": "Active"
      },
      "geometry": {
        "type": "Polygon",
        "coordinates": [
          [
            [
              -79.983549,
              40.439248
            ],
            [
              -79.983463,
              40.439246
            ],
            [
              -79.983449,
              40.439509
            ],
            [
              -79.983532,
              40.43951
            ],
            [
              -79.983549,
              40.439248
            ]
          ]
        ]
      }
    },
    {
      "type": "Feature",
      "properties": {
        "owner_name": "URBAN REDEVELOPMENT AUTHORITY OFPITTSBURGH",
        "parcel_key": "000200322000000",
        "organization": "Hilltop Rising",
        "period_month": "2026-06",
        "assigned_flag": true,
        "returned_flag": false,
        "ownership_type": "URA",
        "masked_geometry": false,
        "completion_status": "missing",
        "maintenance_level": "Active"
      },
      "geometry": {
        "type": "Polygon",
        "coordinates": [
          [
            [
              -79.991743,
              40.438768
            ],
            [
              -79.991821,
              40.438771
            ],
            [
              -79.991855,
              40.438453
            ],
            [
              -79.991778,
              40.43845
            ],
            [
              -79.991743,
              40.438768
            ]
          ]
        ]
      }
    },
    {
      "type": "Feature",
      "properties": {
        "owner_name": "URBAN REDEVELOPMENT AUTHORITY OFPITTSBURGH",
        "parcel_key": "00020032400000",
        "organization": "Hilltop Rising",
        "period_month": "2026-06",
        "assigned_flag": true,
        "returned_flag": false,
        "ownership_type": "URA",
        "masked_geometry": false,
        "completion_status": "missing",
        "maintenance_level": "Active"
      },
      "geometry": {
        "type": "Polygon",
        "coordinates": [
          [
            [
              -79.983431,
              40.439717
            ],
            [
              -79.983601,
              40.439723
            ],
            [
              -79.983605,
              40.439669
            ],
            [
              -79.983437,
              40.439663
            ],
            [
              -79.983431,
              40.439717
            ]
          ]
        ]
      }
    },
    {
      "type": "Feature",
      "properties": {
        "owner_name": "URBAN REDEVELOPMENT AUTHORITY OFPITTSBURGH",
        "parcel_key": "000200324000000",
        "organization": "Hilltop Rising",
        "period_month": "2026-06",
        "assigned_flag": true,
        "returned_flag": false,
        "ownership_type": "URA",
        "masked_geometry": false,
        "completion_status": "missing",
        "maintenance_level": "Active"
      },
      "geometry": {
        "type": "Polygon",
        "coordinates": [
          [
            [
              -79.991553,
              40.438759
            ],
            [
              -79.991743,
              40.438768
            ],
            [
              -79.991778,
              40.43845
            ],
            [
              -79.991596,
              40.438441
            ],
            [
              -79.991553,
              40.438759
            ]
          ]
        ]
      }
    },
    {
      "type": "Feature",
      "properties": {
        "owner_name": "URBAN REDEVELOPMENT AUTHORITY OFPITTSBURGH",
        "parcel_key": "000200330000001",
        "organization": "Hilltop Rising",
        "period_month": "2026-06",
        "assigned_flag": true,
        "returned_flag": false,
        "ownership_type": "URA",
        "masked_geometry": false,
        "completion_status": "missing",
        "maintenance_level": "Active"
      },
      "geometry": {
        "type": "Polygon",
        "coordinates": [
          [
            [
              -79.983174,
              40.439505
            ],
            [
              -79.982952,
              40.439493
            ],
            [
              -79.983151,
              40.439793
            ],
            [
              -79.983174,
              40.439505
            ]
          ]
        ]
      }
    },
    {
      "type": "Feature",
      "properties": {
        "owner_name": "URBAN REDEVELOPMENT AUTHORITY OFPITTSBURGH",
        "parcel_key": "000200330000002",
        "organization": "Hilltop Rising",
        "period_month": "2026-06",
        "assigned_flag": true,
        "returned_flag": false,
        "ownership_type": "URA",
        "masked_geometry": false,
        "completion_status": "missing",
        "maintenance_level": "Active"
      },
      "geometry": {
        "type": "Polygon",
        "coordinates": [
          [
            [
              -79.982772,
              40.439221
            ],
            [
              -79.982952,
              40.439493
            ],
            [
              -79.983029,
              40.439497
            ],
            [
              -79.98305,
              40.439231
            ],
            [
              -79.982772,
              40.439221
            ]
          ]
        ]
      }
    },
    {
      "type": "Feature",
      "properties": {
        "owner_name": "URBAN REDEVELOPMENT AUTHORITY OFPITTSBURGH",
        "parcel_key": "000200336000000",
        "organization": "Hilltop Rising",
        "period_month": "2026-06",
        "assigned_flag": true,
        "returned_flag": false,
        "ownership_type": "URA",
        "masked_geometry": false,
        "completion_status": "missing",
        "maintenance_level": "Active"
      },
      "geometry": {
        "type": "Polygon",
        "coordinates": [
          [
            [
              -79.983126,
              40.439801
            ],
            [
              -79.982742,
              40.439964
            ],
            [
              -79.982776,
              40.440013
            ],
            [
              -79.98316,
              40.43985
            ],
            [
              -79.983126,
              40.439801
            ]
          ]
        ]
      }
    },
    {
      "type": "Feature",
      "properties": {
        "owner_name": "URBAN REDEVELOPMENT AUTHORITY OFPITTSBURGH",
        "parcel_key": "000200337000000",
        "organization": "Hilltop Rising",
        "period_month": "2026-06",
        "assigned_flag": true,
        "returned_flag": false,
        "ownership_type": "URA",
        "masked_geometry": false,
        "completion_status": "missing",
        "maintenance_level": "Active"
      },
      "geometry": {
        "type": "Polygon",
        "coordinates": [
          [
            [
              -79.982707,
              40.439916
            ],
            [
              -79.982742,
              40.439964
            ],
            [
              -79.983126,
              40.439801
            ],
            [
              -79.983093,
              40.439753
            ],
            [
              -79.982707,
              40.439916
            ]
          ]
        ]
      }
    },
    {
      "type": "Feature",
      "properties": {
        "owner_name": "URBAN REDEVELOPMENT AUTHORITY OFPITTSBURGH",
        "parcel_key": "000800261000000",
        "organization": "Hilltop Rising",
        "period_month": "2026-06",
        "assigned_flag": true,
        "returned_flag": false,
        "ownership_type": "URA",
        "masked_geometry": false,
        "completion_status": "request_only",
        "maintenance_level": "Request Only"
      },
      "geometry": {
        "type": "Polygon",
        "coordinates": [
          [
            [
              -80.001273,
              40.448441
            ],
            [
              -80.001187,
              40.448181
            ],
            [
              -80.001114,
              40.448196
            ],
            [
              -80.001201,
              40.448456
            ],
            [
              -80.001273,
              40.448441
            ]
          ]
        ]
      }
    },
    {
      "type": "Feature",
      "properties": {
        "owner_name": "URBAN REDEVELOPMENT AUTHORITY OFPITTSBURGH",
        "parcel_key": "000900095000000",
        "organization": "Hilltop Rising",
        "period_month": "2026-06",
        "assigned_flag": true,
        "returned_flag": false,
        "ownership_type": "URA",
        "masked_geometry": false,
        "completion_status": "missing",
        "maintenance_level": "Active"
      },
      "geometry": {
        "type": "Polygon",
        "coordinates": [
          [
            [
              -79.985546,
              40.444573
            ],
            [
              -79.985633,
              40.444688
            ],
            [
              -79.985953,
              40.444558
            ],
            [
              -79.985866,
              40.444439
            ],
            [
              -79.985546,
              40.444573
            ]
          ]
        ]
      }
    },
    {
      "type": "Feature",
      "properties": {
        "owner_name": "URBAN REDEVELOPMENT AUTHORITY OFPITTSBURGH",
        "parcel_key": "000900097000000",
        "organization": "Hilltop Rising",
        "period_month": "2026-06",
        "assigned_flag": true,
        "returned_flag": false,
        "ownership_type": "URA",
        "masked_geometry": false,
        "completion_status": "missing",
        "maintenance_level": "Active"
      },
      "geometry": {
        "type": "Polygon",
        "coordinates": [
          [
            [
              -79.991167,
              40.446641
            ],
            [
              -79.990913,
              40.4468
            ],
            [
              -79.991169,
              40.44703
            ],
            [
              -79.991123,
              40.447059
            ],
            [
              -79.991384,
              40.447286
            ],
            [
              -79.991662,
              40.447115
            ],
            [
              -79.991167,
              40.446641
            ]
          ]
        ]
      }
    },
    {
      "type": "Feature",
      "properties": {
        "owner_name": "URBAN REDEVELOPMENT AUTHORITY OFPITTSBURGH",
        "parcel_key": "000900116000000",
        "organization": "Hilltop Rising",
        "period_month": "2026-06",
        "assigned_flag": true,
        "returned_flag": false,
        "ownership_type": "URA",
        "masked_geometry": false,
        "completion_status": "missing",
        "maintenance_level": "Active"
      },
      "geometry": {
        "type": "Polygon",
        "coordinates": [
          [
            [
              -79.986108,
              40.444543
            ],
            [
              -79.986139,
              40.444586
            ],
            [
              -79.986456,
              40.444454
            ],
            [
              -79.986424,
              40.44441
            ],
            [
              -79.986108,
              40.444543
            ]
          ]
        ]
      }
    },
    {
      "type": "Feature",
      "properties": {
        "owner_name": "URBAN REDEVELOPMENT AUTHORITY OFPITTSBURGH",
        "parcel_key": "000900117000002",
        "organization": "Hilltop Rising",
        "period_month": "2026-06",
        "assigned_flag": true,
        "returned_flag": false,
        "ownership_type": "URA",
        "masked_geometry": false,
        "completion_status": "missing",
        "maintenance_level": "Active"
      },
      "geometry": {
        "type": "Polygon",
        "coordinates": [
          [
            [
              -79.986231,
              40.444409
            ],
            [
              -79.986278,
              40.444471
            ],
            [
              -79.986316,
              40.444455
            ],
            [
              -79.98627,
              40.444393
            ],
            [
              -79.986231,
              40.444409
            ]
          ]
        ]
      }
    },
    {
      "type": "Feature",
      "properties": {
        "owner_name": "URBAN REDEVELOPMENT AUTHORITY OFPITTSBURGH",
        "parcel_key": "000900118000000",
        "organization": "Hilltop Rising",
        "period_month": "2026-06",
        "assigned_flag": true,
        "returned_flag": false,
        "ownership_type": "URA",
        "masked_geometry": false,
        "completion_status": "missing",
        "maintenance_level": "Active"
      },
      "geometry": {
        "type": "Polygon",
        "coordinates": [
          [
            [
              -79.992531,
              40.446222
            ],
            [
              -79.992438,
              40.446279
            ],
            [
              -79.991542,
              40.446836
            ],
            [
              -79.991766,
              40.447052
            ],
            [
              -79.992757,
              40.44643
            ],
            [
              -79.992531,
              40.446222
            ]
          ]
        ]
      }
    },
    {
      "type": "Feature",
      "properties": {
        "owner_name": "URBAN REDEVELOPMENT AUTHORITY OFPITTSBURGH",
        "parcel_key": "000900133000000",
        "organization": "Hilltop Rising",
        "period_month": "2026-06",
        "assigned_flag": true,
        "returned_flag": false,
        "ownership_type": "URA",
        "masked_geometry": false,
        "completion_status": "missing",
        "maintenance_level": "Active"
      },
      "geometry": {
        "type": "Polygon",
        "coordinates": [
          [
            [
              -79.996178,
              40.444416
            ],
            [
              -79.99637,
              40.444835
            ],
            [
              -79.996471,
              40.444809
            ],
            [
              -79.996276,
              40.44439
            ],
            [
              -79.996178,
              40.444416
            ]
          ]
        ]
      }
    },
    {
      "type": "Feature",
      "properties": {
        "owner_name": "URBAN REDEVELOPMENT AUTHORITY OFPITTSBURGH",
        "parcel_key": "000900148000000",
        "organization": "Hilltop Rising",
        "period_month": "2026-06",
        "assigned_flag": true,
        "returned_flag": false,
        "ownership_type": "URA",
        "masked_geometry": false,
        "completion_status": "missing",
        "maintenance_level": "Active"
      },
      "geometry": {
        "type": "Polygon",
        "coordinates": [
          [
            [
              -79.986674,
              40.444216
            ],
            [
              -79.986458,
              40.444306
            ],
            [
              -79.986449,
              40.444314
            ],
            [
              -79.98645,
              40.444327
            ],
            [
              -79.986554,
              40.444474
            ],
            [
              -79.986787,
              40.444381
            ],
            [
              -79.986674,
              40.444216
            ]
          ]
        ]
      }
    },
    {
      "type": "Feature",
      "properties": {
        "owner_name": "URBAN REDEVELOPMENT AUTHORITY OFPITTSBURGH",
        "parcel_key": "000900325000000",
        "organization": "Hilltop Rising",
        "period_month": "2026-06",
        "assigned_flag": true,
        "returned_flag": false,
        "ownership_type": "URA",
        "masked_geometry": false,
        "completion_status": "missing",
        "maintenance_level": "Active"
      },
      "geometry": {
        "type": "Polygon",
        "coordinates": [
          [
            [
              -79.982964,
              40.445684
            ],
            [
              -79.982887,
              40.445582
            ],
            [
              -79.98282,
              40.445611
            ],
            [
              -79.982896,
              40.445712
            ],
            [
              -79.982964,
              40.445684
            ]
          ]
        ]
      }
    },
    {
      "type": "Feature",
      "properties": {
        "owner_name": "URBAN REDEVELOPMENT AUTHORITY OFPITTSBURGH",
        "parcel_key": "001000353000000",
        "organization": "Hilltop Rising",
        "period_month": "2026-06",
        "assigned_flag": true,
        "returned_flag": false,
        "ownership_type": "URA",
        "masked_geometry": false,
        "completion_status": "missing",
        "maintenance_level": "Active"
      },
      "geometry": {
        "type": "Polygon",
        "coordinates": [
          [
            [
              -79.969705,
              40.449777
            ],
            [
              -79.969778,
              40.449899
            ],
            [
              -79.970367,
              40.449689
            ],
            [
              -79.970298,
              40.449566
            ],
            [
              -79.969705,
              40.449777
            ]
          ]
        ]
      }
    },
    {
      "type": "Feature",
      "properties": {
        "owner_name": "URBAN REDEVELOPMENT AUTHORITY OFPITTSBURGH",
        "parcel_key": "00110005200000",
        "organization": "Hilltop Rising",
        "period_month": "2026-06",
        "assigned_flag": true,
        "returned_flag": false,
        "ownership_type": "URA",
        "masked_geometry": false,
        "completion_status": "missing",
        "maintenance_level": "Active"
      },
      "geometry": {
        "type": "Polygon",
        "coordinates": [
          [
            [
              -79.982171,
              40.43905
            ],
            [
              -79.982214,
              40.439052
            ],
            [
              -79.982227,
              40.438913
            ],
            [
              -79.982183,
              40.438911
            ],
            [
              -79.982171,
              40.43905
            ]
          ]
        ]
      }
    },
    {
      "type": "Feature",
      "properties": {
        "owner_name": "URBAN REDEVELOPMENT AUTHORITY OFPITTSBURGH",
        "parcel_key": "00110021000000",
        "organization": "Hilltop Rising",
        "period_month": "2026-06",
        "assigned_flag": true,
        "returned_flag": false,
        "ownership_type": "URA",
        "masked_geometry": false,
        "completion_status": "missing",
        "maintenance_level": "Active"
      },
      "geometry": {
        "type": "Polygon",
        "coordinates": [
          [
            [
              -79.979857,
              40.440883
            ],
            [
              -79.97989,
              40.440946
            ],
            [
              -79.980072,
              40.440889
            ],
            [
              -79.980037,
              40.440828
            ],
            [
              -79.979857,
              40.440883
            ]
          ]
        ]
      }
    },
    {
      "type": "Feature",
      "properties": {
        "owner_name": "URBAN REDEVELOPMENT AUTHORITY OFPITTSBURGH",
        "parcel_key": "00110021700000",
        "organization": "Hilltop Rising",
        "period_month": "2026-06",
        "assigned_flag": true,
        "returned_flag": false,
        "ownership_type": "URA",
        "masked_geometry": false,
        "completion_status": "missing",
        "maintenance_level": "Active"
      },
      "geometry": {
        "type": "Polygon",
        "coordinates": [
          [
            [
              -79.980016,
              40.441188
            ],
            [
              -79.980049,
              40.441251
            ],
            [
              -79.980205,
              40.441201
            ],
            [
              -79.980175,
              40.441138
            ],
            [
              -79.980016,
              40.441188
            ]
          ]
        ]
      }
    },
    {
      "type": "Feature",
      "properties": {
        "owner_name": "URBAN REDEVELOPMENT AUTHORITY OFPITTSBURGH",
        "parcel_key": "001100221000000",
        "organization": "Hilltop Rising",
        "period_month": "2026-06",
        "assigned_flag": true,
        "returned_flag": false,
        "ownership_type": "URA",
        "masked_geometry": false,
        "completion_status": "missing",
        "maintenance_level": "Active"
      },
      "geometry": {
        "type": "Polygon",
        "coordinates": [
          [
            [
              -79.979646,
              40.436814
            ],
            [
              -79.979637,
              40.436943
            ],
            [
              -79.979866,
              40.436952
            ],
            [
              -79.979873,
              40.436816
            ],
            [
              -79.979646,
              40.436814
            ]
          ]
        ]
      }
    },
    {
      "type": "Feature",
      "properties": {
        "owner_name": "URBAN REDEVELOPMENT AUTHORITY OFPITTSBURGH",
        "parcel_key": "001100222000001",
        "organization": "Hilltop Rising",
        "period_month": "2026-06",
        "assigned_flag": true,
        "returned_flag": false,
        "ownership_type": "URA",
        "masked_geometry": false,
        "completion_status": "missing",
        "maintenance_level": "Active"
      },
      "geometry": {
        "type": "Polygon",
        "coordinates": [
          [
            [
              -79.980104,
              40.441355
            ],
            [
              -79.980136,
              40.441416
            ],
            [
              -79.980274,
              40.441358
            ],
            [
              -79.980255,
              40.441307
            ],
            [
              -79.980104,
              40.441355
            ]
          ]
        ]
      }
    },
    {
      "type": "Feature",
      "properties": {
        "owner_name": "URBAN REDEVELOPMENT AUTHORITY OFPITTSBURGH",
        "parcel_key": "001100284000000",
        "organization": "Hilltop Rising",
        "period_month": "2026-06",
        "assigned_flag": true,
        "returned_flag": false,
        "ownership_type": "URA",
        "masked_geometry": false,
        "completion_status": "missing",
        "maintenance_level": "Active"
      },
      "geometry": {
        "type": "Polygon",
        "coordinates": [
          [
            [
              -79.979384,
              40.442163
            ],
            [
              -79.979716,
              40.442622
            ],
            [
              -79.980029,
              40.442491
            ],
            [
              -79.979927,
              40.442342
            ],
            [
              -79.979987,
              40.442314
            ],
            [
              -79.980034,
              40.441657
            ],
            [
              -79.979648,
              40.441822
            ],
            [
              -79.979772,
              40.441992
            ],
            [
              -79.97973,
              40.442075
            ],
            [
              -79.979702,
              40.442034
            ],
            [
              -79.979384,
              40.442163
            ]
          ]
        ]
      }
    },
    {
      "type": "Feature",
      "properties": {
        "owner_name": "URBAN REDEVELOPMENT AUTHORITY OFPITTSBURGH",
        "parcel_key": "00110029800000",
        "organization": "Hilltop Rising",
        "period_month": "2026-06",
        "assigned_flag": true,
        "returned_flag": false,
        "ownership_type": "URA",
        "masked_geometry": false,
        "completion_status": "missing",
        "maintenance_level": "Active"
      },
      "geometry": {
        "type": "Polygon",
        "coordinates": [
          [
            [
              -79.981372,
              40.439431
            ],
            [
              -79.981421,
              40.439434
            ],
            [
              -79.981443,
              40.439162
            ],
            [
              -79.981394,
              40.43916
            ],
            [
              -79.981372,
              40.439431
            ]
          ]
        ]
      }
    },
    {
      "type": "Feature",
      "properties": {
        "owner_name": "URBAN REDEVELOPMENT AUTHORITY OFPITTSBURGH",
        "parcel_key": "001100298000000",
        "organization": "Hilltop Rising",
        "period_month": "2026-06",
        "assigned_flag": true,
        "returned_flag": false,
        "ownership_type": "URA",
        "masked_geometry": false,
        "completion_status": "missing",
        "maintenance_level": "Active"
      },
      "geometry": {
        "type": "Polygon",
        "coordinates": [
          [
            [
              -79.981345,
              40.439157
            ],
            [
              -79.981334,
              40.439296
            ],
            [
              -79.981383,
              40.439298
            ],
            [
              -79.981394,
              40.43916
            ],
            [
              -79.981345,
              40.439157
            ]
          ]
        ]
      }
    },
    {
      "type": "Feature",
      "properties": {
        "owner_name": "URBAN REDEVELOPMENT AUTHORITY OFPITTSBURGH",
        "parcel_key": "001100299000000",
        "organization": "Hilltop Rising",
        "period_month": "2026-06",
        "assigned_flag": true,
        "returned_flag": false,
        "ownership_type": "URA",
        "masked_geometry": false,
        "completion_status": "missing",
        "maintenance_level": "Active"
      },
      "geometry": {
        "type": "Polygon",
        "coordinates": [
          [
            [
              -79.981421,
              40.439434
            ],
            [
              -79.981471,
              40.439436
            ],
            [
              -79.981493,
              40.439164
            ],
            [
              -79.981443,
              40.439162
            ],
            [
              -79.981421,
              40.439434
            ]
          ]
        ]
      }
    },
    {
      "type": "Feature",
      "properties": {
        "owner_name": "URBAN REDEVELOPMENT AUTHORITY OFPITTSBURGH",
        "parcel_key": "001300271000000",
        "organization": "Hilltop Rising",
        "period_month": "2026-06",
        "assigned_flag": true,
        "returned_flag": false,
        "ownership_type": "URA",
        "masked_geometry": false,
        "completion_status": "missing",
        "maintenance_level": "Active"
      },
      "geometry": {
        "type": "Polygon",
        "coordinates": [
          [
            [
              -79.981392,
              40.413935
            ],
            [
              -79.981397,
              40.414071
            ],
            [
              -79.98177,
              40.41406
            ],
            [
              -79.981763,
              40.413931
            ],
            [
              -79.981392,
              40.413935
            ]
          ]
        ]
      }
    },
    {
      "type": "Feature",
      "properties": {
        "owner_name": "URBAN REDEVELOPMENT AUTHORITY OFPITTSBURGH",
        "parcel_key": "002000006000000",
        "organization": "Hilltop Rising",
        "period_month": "2026-06",
        "assigned_flag": true,
        "returned_flag": false,
        "ownership_type": "URA",
        "masked_geometry": false,
        "completion_status": "missing",
        "maintenance_level": "Active"
      },
      "geometry": {
        "type": "Polygon",
        "coordinates": [
          [
            [
              -80.045157,
              40.447531
            ],
            [
              -80.04495,
              40.447626
            ],
            [
              -80.045053,
              40.447981
            ],
            [
              -80.045729,
              40.447725
            ],
            [
              -80.045525,
              40.447419
            ],
            [
              -80.045249,
              40.447552
            ],
            [
              -80.045157,
              40.447531
            ]
          ]
        ]
      }
    },
    {
      "type": "Feature",
      "properties": {
        "owner_name": "URBAN REDEVELOPMENT AUTHORITY OFPITTSBURGH",
        "parcel_key": "00230019700000",
        "organization": "Hilltop Rising",
        "period_month": "2026-06",
        "assigned_flag": true,
        "returned_flag": false,
        "ownership_type": "URA",
        "masked_geometry": false,
        "completion_status": "missing",
        "maintenance_level": "Active"
      },
      "geometry": {
        "type": "Polygon",
        "coordinates": [
          [
            [
              -80.008567,
              40.458818
            ],
            [
              -80.008537,
              40.458724
            ],
            [
              -80.008469,
              40.458737
            ],
            [
              -80.008498,
              40.458829
            ],
            [
              -80.008567,
              40.458818
            ]
          ]
        ]
      }
    },
    {
      "type": "Feature",
      "properties": {
        "owner_name": "URBAN REDEVELOPMENT AUTHORITY OFPITTSBURGH",
        "parcel_key": "002300336000000",
        "organization": "Hilltop Rising",
        "period_month": "2026-06",
        "assigned_flag": true,
        "returned_flag": false,
        "ownership_type": "URA",
        "masked_geometry": false,
        "completion_status": "missing",
        "maintenance_level": "Active"
      },
      "geometry": {
        "type": "Polygon",
        "coordinates": [
          [
            [
              -80.015098,
              40.455754
            ],
            [
              -80.015052,
              40.455602
            ],
            [
              -80.015022,
              40.45554
            ],
            [
              -80.014664,
              40.455611
            ],
            [
              -80.014732,
              40.455823
            ],
            [
              -80.015098,
              40.455754
            ]
          ]
        ]
      }
    },
    {
      "type": "Feature",
      "properties": {
        "owner_name": "URBAN REDEVELOPMENT AUTHORITY OFPITTSBURGH",
        "parcel_key": "002400118000000",
        "organization": "Hilltop Rising",
        "period_month": "2026-06",
        "assigned_flag": true,
        "returned_flag": false,
        "ownership_type": "URA",
        "masked_geometry": false,
        "completion_status": "missing",
        "maintenance_level": "Active"
      },
      "geometry": {
        "type": "Polygon",
        "coordinates": [
          [
            [
              -79.985204,
              40.462034
            ],
            [
              -79.985258,
              40.46199
            ],
            [
              -79.985271,
              40.462
            ],
            [
              -79.98541,
              40.461886
            ],
            [
              -79.985362,
              40.461822
            ],
            [
              -79.985227,
              40.46193
            ],
            [
              -79.985124,
              40.461855
            ],
            [
              -79.985098,
              40.461873
            ],
            [
              -79.985058,
              40.461844
            ],
            [
              -79.985004,
              40.461888
            ],
            [
              -79.985204,
              40.462034
            ]
          ]
        ]
      }
    },
    {
      "type": "Feature",
      "properties": {
        "owner_name": "URBAN REDEVELOPMENT AUTHORITY OFPITTSBURGH",
        "parcel_key": "002500002000000",
        "organization": "Hilltop Rising",
        "period_month": "2026-06",
        "assigned_flag": true,
        "returned_flag": false,
        "ownership_type": "URA",
        "masked_geometry": false,
        "completion_status": "request_only",
        "maintenance_level": "Request Only"
      },
      "geometry": {
        "type": "Polygon",
        "coordinates": [
          [
            [
              -79.98225,
              40.460525
            ],
            [
              -79.982146,
              40.46066
            ],
            [
              -79.982031,
              40.460799
            ],
            [
              -79.981816,
              40.461088
            ],
            [
              -79.981707,
              40.461214
            ],
            [
              -79.980997,
              40.462217
            ],
            [
              -79.980824,
              40.462468
            ],
            [
              -79.980695,
              40.462636
            ],
            [
              -79.980274,
              40.463333
            ],
            [
              -79.980177,
              40.463475
            ],
            [
              -79.980068,
              40.463661
            ],
            [
              -79.979805,
              40.464073
            ],
            [
              -79.979507,
              40.464566
            ],
            [
              -79.979648,
              40.464597
            ],
            [
              -79.979962,
              40.464154
            ],
            [
              -79.980052,
              40.464049
            ],
            [
              -79.980288,
              40.463716
            ],
            [
              -79.980402,
              40.463569
            ],
            [
              -79.980617,
              40.463259
            ],
            [
              -79.980737,
              40.463095
            ],
            [
              -79.981374,
              40.462354
            ],
            [
              -79.982537,
              40.461056
            ],
            [
              -79.982698,
              40.460858
            ],
            [
              -79.98225,
              40.460525
            ]
          ]
        ]
      }
    },
    {
      "type": "Feature",
      "properties": {
        "owner_name": "URBAN REDEVELOPMENT AUTHORITY OFPITTSBURGH",
        "parcel_key": "002700196000000",
        "organization": "Hilltop Rising",
        "period_month": "2026-06",
        "assigned_flag": true,
        "returned_flag": false,
        "ownership_type": "URA",
        "masked_geometry": false,
        "completion_status": "missing",
        "maintenance_level": "Active"
      },
      "geometry": {
        "type": "Polygon",
        "coordinates": [
          [
            [
              -79.95615,
              40.450272
            ],
            [
              -79.956566,
              40.450605
            ],
            [
              -79.956667,
              40.45051
            ],
            [
              -79.95626,
              40.450193
            ],
            [
              -79.95615,
              40.450272
            ]
          ]
        ]
      }
    },
    {
      "type": "Feature",
      "properties": {
        "owner_name": "URBAN REDEVELOPMENT AUTHORITY OFPITTSBURGH",
        "parcel_key": "002700366000000",
        "organization": "Hilltop Rising",
        "period_month": "2026-06",
        "assigned_flag": true,
        "returned_flag": false,
        "ownership_type": "URA",
        "masked_geometry": false,
        "completion_status": "missing",
        "maintenance_level": "Active"
      },
      "geometry": {
        "type": "Polygon",
        "coordinates": [
          [
            [
              -79.961663,
              40.451446
            ],
            [
              -79.961787,
              40.451227
            ],
            [
              -79.961688,
              40.451217
            ],
            [
              -79.96157,
              40.451428
            ],
            [
              -79.961663,
              40.451446
            ]
          ]
        ]
      }
    },
    {
      "type": "Feature",
      "properties": {
        "owner_name": "URBAN REDEVELOPMENT AUTHORITY OFPITTSBURGH",
        "parcel_key": "002900150000000",
        "organization": "Hilltop Rising",
        "period_month": "2026-06",
        "assigned_flag": true,
        "returned_flag": false,
        "ownership_type": "URA",
        "masked_geometry": false,
        "completion_status": "request_only",
        "maintenance_level": "Request Only"
      },
      "geometry": {
        "type": "Polygon",
        "coordinates": [
          [
            [
              -79.951159,
              40.427229
            ],
            [
              -79.952104,
              40.426845
            ],
            [
              -79.952781,
              40.426422
            ],
            [
              -79.952467,
              40.426125
            ],
            [
              -79.951463,
              40.426805
            ],
            [
              -79.951205,
              40.426948
            ],
            [
              -79.951124,
              40.427001
            ],
            [
              -79.950912,
              40.427213
            ],
            [
              -79.950948,
              40.42727
            ],
            [
              -79.951102,
              40.427236
            ],
            [
              -79.951159,
              40.427229
            ]
          ]
        ]
      }
    },
    {
      "type": "Feature",
      "properties": {
        "owner_name": "URBAN REDEVELOPMENT AUTHORITY OFPITTSBURGH",
        "parcel_key": "003100002000000",
        "organization": "Hilltop Rising",
        "period_month": "2026-06",
        "assigned_flag": true,
        "returned_flag": false,
        "ownership_type": "URA",
        "masked_geometry": false,
        "completion_status": "request_only",
        "maintenance_level": "Request Only"
      },
      "geometry": {
        "type": "Polygon",
        "coordinates": [
          [
            [
              -79.959299,
              40.408728
            ],
            [
              -79.959286,
              40.409046
            ],
            [
              -79.95947,
              40.409054
            ],
            [
              -79.959484,
              40.408734
            ],
            [
              -79.959299,
              40.408728
            ]
          ]
        ]
      }
    },
    {
      "type": "Feature",
      "properties": {
        "owner_name": "URBAN REDEVELOPMENT AUTHORITY OFPITTSBURGH",
        "parcel_key": "003100035000000",
        "organization": "Hilltop Rising",
        "period_month": "2026-06",
        "assigned_flag": true,
        "returned_flag": false,
        "ownership_type": "URA",
        "masked_geometry": false,
        "completion_status": "request_only",
        "maintenance_level": "Request Only"
      },
      "geometry": {
        "type": "Polygon",
        "coordinates": [
          [
            [
              -79.960942,
              40.408281
            ],
            [
              -79.961056,
              40.408429
            ],
            [
              -79.962263,
              40.408521
            ],
            [
              -79.963182,
              40.408216
            ],
            [
              -79.962961,
              40.407869
            ],
            [
              -79.962166,
              40.408158
            ],
            [
              -79.961338,
              40.408101
            ],
            [
              -79.960892,
              40.407571
            ],
            [
              -79.96047,
              40.407764
            ],
            [
              -79.96047,
              40.40778
            ],
            [
              -79.960942,
              40.408281
            ]
          ]
        ]
      }
    },
    {
      "type": "Feature",
      "properties": {
        "owner_name": "URBAN REDEVELOPMENT AUTHORITY OFPITTSBURGH",
        "parcel_key": "003100044000000",
        "organization": "Hilltop Rising",
        "period_month": "2026-06",
        "assigned_flag": true,
        "returned_flag": false,
        "ownership_type": "URA",
        "masked_geometry": false,
        "completion_status": "request_only",
        "maintenance_level": "Request Only"
      },
      "geometry": {
        "type": "Polygon",
        "coordinates": [
          [
            [
              -79.965725,
              40.407633
            ],
            [
              -79.966104,
              40.407313
            ],
            [
              -79.966163,
              40.407365
            ],
            [
              -79.966202,
              40.407342
            ],
            [
              -79.968103,
              40.406004
            ],
            [
              -79.96986,
              40.405226
            ],
            [
              -79.970089,
              40.404708
            ],
            [
              -79.965981,
              40.407177
            ],
            [
              -79.964994,
              40.407881
            ],
            [
              -79.965165,
              40.40802
            ],
            [
              -79.965725,
              40.407633
            ]
          ]
        ]
      }
    },
    {
      "type": "Feature",
      "properties": {
        "owner_name": "URBAN REDEVELOPMENT AUTHORITY OFPITTSBURGH",
        "parcel_key": "003100075000000",
        "organization": "Hilltop Rising",
        "period_month": "2026-06",
        "assigned_flag": true,
        "returned_flag": false,
        "ownership_type": "URA",
        "masked_geometry": false,
        "completion_status": "request_only",
        "maintenance_level": "Request Only"
      },
      "geometry": {
        "type": "Polygon",
        "coordinates": [
          [
            [
              -79.961679,
              40.408595
            ],
            [
              -79.961829,
              40.409096
            ],
            [
              -79.963555,
              40.408817
            ],
            [
              -79.963245,
              40.408312
            ],
            [
              -79.962279,
              40.408636
            ],
            [
              -79.961679,
              40.408595
            ]
          ]
        ]
      }
    },
    {
      "type": "Feature",
      "properties": {
        "owner_name": "URBAN REDEVELOPMENT AUTHORITY OFPITTSBURGH",
        "parcel_key": "003100200000100",
        "organization": "Hilltop Rising",
        "period_month": "2026-06",
        "assigned_flag": true,
        "returned_flag": false,
        "ownership_type": "URA",
        "masked_geometry": false,
        "completion_status": "request_only",
        "maintenance_level": "Request Only"
      },
      "geometry": {
        "type": "Polygon",
        "coordinates": [
          [
            [
              -79.956237,
              40.410589
            ],
            [
              -79.95637,
              40.41064
            ],
            [
              -79.956425,
              40.410651
            ],
            [
              -79.956481,
              40.410656
            ],
            [
              -79.956608,
              40.410645
            ],
            [
              -79.956544,
              40.410309
            ],
            [
              -79.956126,
              40.410244
            ],
            [
              -79.956237,
              40.410589
            ]
          ]
        ]
      }
    },
    {
      "type": "Feature",
      "properties": {
        "owner_name": "URBAN REDEVELOPMENT AUTHORITY OFPITTSBURGH",
        "parcel_key": "004100080000000",
        "organization": "Hilltop Rising",
        "period_month": "2026-06",
        "assigned_flag": true,
        "returned_flag": false,
        "ownership_type": "URA",
        "masked_geometry": false,
        "completion_status": "request_only",
        "maintenance_level": "Request Only"
      },
      "geometry": {
        "type": "Polygon",
        "coordinates": [
          [
            [
              -80.04922,
              40.446645
            ],
            [
              -80.049269,
              40.446595
            ],
            [
              -80.049324,
              40.44655
            ],
            [
              -80.049385,
              40.44651
            ],
            [
              -80.049452,
              40.446475
            ],
            [
              -80.049523,
              40.446445
            ],
            [
              -80.049597,
              40.446421
            ],
            [
              -80.049675,
              40.446404
            ],
            [
              -80.049754,
              40.446392
            ],
            [
              -80.049835,
              40.446387
            ],
            [
              -80.049915,
              40.446388
            ],
            [
              -80.049996,
              40.446396
            ],
            [
              -80.050074,
              40.44641
            ],
            [
              -80.050151,
              40.446431
            ],
            [
              -80.050224,
              40.446457
            ],
            [
              -80.050293,
              40.446489
            ],
            [
              -80.050357,
              40.446527
            ],
            [
              -80.050961,
              40.446921
            ],
            [
              -80.05099,
              40.446931
            ],
            [
              -80.051022,
              40.446933
            ],
            [
              -80.051054,
              40.446928
            ],
            [
              -80.051082,
              40.446916
            ],
            [
              -80.051768,
              40.4463
            ],
            [
              -80.052102,
              40.445951
            ],
            [
              -80.052274,
              40.445738
            ],
            [
              -80.052737,
              40.445105
            ],
            [
              -80.053161,
              40.444542
            ],
            [
              -80.052837,
              40.444402
            ],
            [
              -80.0525,
              40.444353
            ],
            [
              -80.052342,
              40.444286
            ],
            [
              -80.052549,
              40.443997
            ],
            [
              -80.052236,
              40.443943
            ],
            [
              -80.052217,
              40.443935
            ],
            [
              -80.051352,
              40.445122
            ],
            [
              -80.050329,
              40.445911
            ],
            [
              -80.049475,
              40.446119
            ],
            [
              -80.049189,
              40.446199
            ],
            [
              -80.049224,
              40.446225
            ],
            [
              -80.048775,
              40.446391
            ],
            [
              -80.048929,
              40.446477
            ],
            [
              -80.048912,
              40.446498
            ],
            [
              -80.04922,
              40.446645
            ]
          ]
        ]
      }
    },
    {
      "type": "Feature",
      "properties": {
        "owner_name": "URBAN REDEVELOPMENT AUTHORITY OFPITTSBURGH",
        "parcel_key": "004100141000000",
        "organization": "Hilltop Rising",
        "period_month": "2026-06",
        "assigned_flag": true,
        "returned_flag": false,
        "ownership_type": "URA",
        "masked_geometry": false,
        "completion_status": "request_only",
        "maintenance_level": "Request Only"
      },
      "geometry": {
        "type": "Polygon",
        "coordinates": [
          [
            [
              -80.052544,
              40.448138
            ],
            [
              -80.052702,
              40.448429
            ],
            [
              -80.052783,
              40.448395
            ],
            [
              -80.052635,
              40.448109
            ],
            [
              -80.052544,
              40.448138
            ]
          ]
        ]
      }
    },
    {
      "type": "Feature",
      "properties": {
        "owner_name": "URBAN REDEVELOPMENT AUTHORITY OFPITTSBURGH",
        "parcel_key": "004100142000000",
        "organization": "Hilltop Rising",
        "period_month": "2026-06",
        "assigned_flag": true,
        "returned_flag": false,
        "ownership_type": "URA",
        "masked_geometry": false,
        "completion_status": "request_only",
        "maintenance_level": "Request Only"
      },
      "geometry": {
        "type": "Polygon",
        "coordinates": [
          [
            [
              -80.062469,
              40.448195
            ],
            [
              -80.062601,
              40.448287
            ],
            [
              -80.062894,
              40.448043
            ],
            [
              -80.062764,
              40.447951
            ],
            [
              -80.062469,
              40.448195
            ]
          ]
        ]
      }
    },
    {
      "type": "Feature",
      "properties": {
        "owner_name": "URBAN REDEVELOPMENT AUTHORITY OFPITTSBURGH",
        "parcel_key": "004100295000000",
        "organization": "Hilltop Rising",
        "period_month": "2026-06",
        "assigned_flag": true,
        "returned_flag": false,
        "ownership_type": "URA",
        "masked_geometry": false,
        "completion_status": "request_only",
        "maintenance_level": "Request Only"
      },
      "geometry": {
        "type": "Polygon",
        "coordinates": [
          [
            [
              -80.054514,
              40.451407
            ],
            [
              -80.05487,
              40.451431
            ],
            [
              -80.05489,
              40.45126
            ],
            [
              -80.054536,
              40.451236
            ],
            [
              -80.054514,
              40.451407
            ]
          ]
        ]
      }
    },
    {
      "type": "Feature",
      "properties": {
        "owner_name": "URBAN REDEVELOPMENT AUTHORITY OFPITTSBURGH",
        "parcel_key": "004100500000000",
        "organization": "Hilltop Rising",
        "period_month": "2026-06",
        "assigned_flag": true,
        "returned_flag": false,
        "ownership_type": "URA",
        "masked_geometry": false,
        "completion_status": "request_only",
        "maintenance_level": "Request Only"
      },
      "geometry": {
        "type": "Polygon",
        "coordinates": [
          [
            [
              -80.053885,
              40.445893
            ],
            [
              -80.053821,
              40.445904
            ],
            [
              -80.053698,
              40.44594
            ],
            [
              -80.053589,
              40.445996
            ],
            [
              -80.053541,
              40.446031
            ],
            [
              -80.05214,
              40.447274
            ],
            [
              -80.051843,
              40.44752
            ],
            [
              -80.051986,
              40.447615
            ],
            [
              -80.053612,
              40.446164
            ],
            [
              -80.053704,
              40.446068
            ],
            [
              -80.053758,
              40.446039
            ],
            [
              -80.053817,
              40.446017
            ],
            [
              -80.053879,
              40.446001
            ],
            [
              -80.053944,
              40.445992
            ],
            [
              -80.054009,
              40.445989
            ],
            [
              -80.054075,
              40.445995
            ],
            [
              -80.054139,
              40.446007
            ],
            [
              -80.0542,
              40.446026
            ],
            [
              -80.054257,
              40.446051
            ],
            [
              -80.054318,
              40.44609
            ],
            [
              -80.054375,
              40.446133
            ],
            [
              -80.054426,
              40.44618
            ],
            [
              -80.054487,
              40.446247
            ],
            [
              -80.054495,
              40.446266
            ],
            [
              -80.054494,
              40.446286
            ],
            [
              -80.054479,
              40.446303
            ],
            [
              -80.054462,
              40.446342
            ],
            [
              -80.054463,
              40.446383
            ],
            [
              -80.054481,
              40.446422
            ],
            [
              -80.054516,
              40.446453
            ],
            [
              -80.054538,
              40.446465
            ],
            [
              -80.054588,
              40.44648
            ],
            [
              -80.054641,
              40.446482
            ],
            [
              -80.054668,
              40.446477
            ],
            [
              -80.054715,
              40.446458
            ],
            [
              -80.054735,
              40.446445
            ],
            [
              -80.054765,
              40.446411
            ],
            [
              -80.054774,
              40.446392
            ],
            [
              -80.054778,
              40.446351
            ],
            [
              -80.054765,
              40.446312
            ],
            [
              -80.054753,
              40.446294
            ],
            [
              -80.054716,
              40.446264
            ],
            [
              -80.054669,
              40.446245
            ],
            [
              -80.054432,
              40.44604
            ],
            [
              -80.054378,
              40.446
            ],
            [
              -80.054318,
              40.445965
            ],
            [
              -80.054252,
              40.445936
            ],
            [
              -80.054183,
              40.445914
            ],
            [
              -80.05411,
              40.445898
            ],
            [
              -80.054036,
              40.445889
            ],
            [
              -80.05396,
              40.445887
            ],
            [
              -80.053885,
              40.445893
            ]
          ]
        ]
      }
    },
    {
      "type": "Feature",
      "properties": {
        "owner_name": "URBAN REDEVELOPMENT AUTHORITY OFPITTSBURGH",
        "parcel_key": "00450013500000",
        "organization": "Hilltop Rising",
        "period_month": "2026-06",
        "assigned_flag": true,
        "returned_flag": false,
        "ownership_type": "URA",
        "masked_geometry": false,
        "completion_status": "missing",
        "maintenance_level": "Active"
      },
      "geometry": {
        "type": "Polygon",
        "coordinates": [
          [
            [
              -80.019857,
              40.465529
            ],
            [
              -80.020146,
              40.465582
            ],
            [
              -80.020156,
              40.465552
            ],
            [
              -80.019865,
              40.4655
            ],
            [
              -80.019857,
              40.465529
            ]
          ]
        ]
      }
    },
    {
      "type": "Feature",
      "properties": {
        "owner_name": "URBAN REDEVELOPMENT AUTHORITY OFPITTSBURGH",
        "parcel_key": "004500135000000",
        "organization": "Hilltop Rising",
        "period_month": "2026-06",
        "assigned_flag": true,
        "returned_flag": false,
        "ownership_type": "URA",
        "masked_geometry": false,
        "completion_status": "missing",
        "maintenance_level": "Active"
      },
      "geometry": {
        "type": "Polygon",
        "coordinates": [
          [
            [
              -80.016775,
              40.463967
            ],
            [
              -80.016955,
              40.464228
            ],
            [
              -80.017011,
              40.464206
            ],
            [
              -80.016824,
              40.463937
            ],
            [
              -80.016775,
              40.463967
            ]
          ]
        ]
      }
    },
    {
      "type": "Feature",
      "properties": {
        "owner_name": "URBAN REDEVELOPMENT AUTHORITY OFPITTSBURGH",
        "parcel_key": "004500380000000",
        "organization": "Hilltop Rising",
        "period_month": "2026-06",
        "assigned_flag": true,
        "returned_flag": false,
        "ownership_type": "URA",
        "masked_geometry": false,
        "completion_status": "request_only",
        "maintenance_level": "Request Only"
      },
      "geometry": {
        "type": "Polygon",
        "coordinates": [
          [
            [
              -80.017522,
              40.46508
            ],
            [
              -80.017645,
              40.464994
            ],
            [
              -80.017444,
              40.464815
            ],
            [
              -80.017276,
              40.464883
            ],
            [
              -80.017522,
              40.46508
            ]
          ]
        ]
      }
    },
    {
      "type": "Feature",
      "properties": {
        "owner_name": "URBAN REDEVELOPMENT AUTHORITY OFPITTSBURGH",
        "parcel_key": "004500390000000",
        "organization": "Hilltop Rising",
        "period_month": "2026-06",
        "assigned_flag": true,
        "returned_flag": false,
        "ownership_type": "URA",
        "masked_geometry": false,
        "completion_status": "request_only",
        "maintenance_level": "Request Only"
      },
      "geometry": {
        "type": "Polygon",
        "coordinates": [
          [
            [
              -80.016793,
              40.465574
            ],
            [
              -80.016859,
              40.465542
            ],
            [
              -80.016949,
              40.46548
            ],
            [
              -80.016807,
              40.465072
            ],
            [
              -80.016657,
              40.465132
            ],
            [
              -80.016793,
              40.465574
            ]
          ]
        ]
      }
    },
    {
      "type": "Feature",
      "properties": {
        "owner_name": "URBAN REDEVELOPMENT AUTHORITY OFPITTSBURGH",
        "parcel_key": "004600261000000",
        "organization": "Hilltop Rising",
        "period_month": "2026-06",
        "assigned_flag": true,
        "returned_flag": false,
        "ownership_type": "URA",
        "masked_geometry": false,
        "completion_status": "missing",
        "maintenance_level": "Active"
      },
      "geometry": {
        "type": "Polygon",
        "coordinates": [
          [
            [
              -80.011993,
              40.47151
            ],
            [
              -80.011784,
              40.470877
            ],
            [
              -80.011441,
              40.470947
            ],
            [
              -80.011649,
              40.47158
            ],
            [
              -80.011993,
              40.47151
            ]
          ]
        ]
      }
    },
    {
      "type": "Feature",
      "properties": {
        "owner_name": "URBAN REDEVELOPMENT AUTHORITY OFPITTSBURGH",
        "parcel_key": "006300175000000",
        "organization": "Hilltop Rising",
        "period_month": "2026-06",
        "assigned_flag": true,
        "returned_flag": false,
        "ownership_type": "URA",
        "masked_geometry": false,
        "completion_status": "missing",
        "maintenance_level": "Active"
      },
      "geometry": {
        "type": "Polygon",
        "coordinates": [
          [
            [
              -80.038888,
              40.402706
            ],
            [
              -80.039185,
              40.402904
            ],
            [
              -80.039394,
              40.402711
            ],
            [
              -80.039099,
              40.402522
            ],
            [
              -80.038888,
              40.402706
            ]
          ]
        ]
      }
    },
    {
      "type": "Feature",
      "properties": {
        "owner_name": "URBAN REDEVELOPMENT AUTHORITY OFPITTSBURGH",
        "parcel_key": "007000030000000",
        "organization": "Hilltop Rising",
        "period_month": "2026-06",
        "assigned_flag": true,
        "returned_flag": false,
        "ownership_type": "URA",
        "masked_geometry": false,
        "completion_status": "request_only",
        "maintenance_level": "Request Only"
      },
      "geometry": {
        "type": "Polygon",
        "coordinates": [
          [
            [
              -80.079067,
              40.447334
            ],
            [
              -80.080298,
              40.448206
            ],
            [
              -80.080368,
              40.448145
            ],
            [
              -80.079166,
              40.447307
            ],
            [
              -80.079067,
              40.447334
            ]
          ]
        ]
      }
    },
    {
      "type": "Feature",
      "properties": {
        "owner_name": "URBAN REDEVELOPMENT AUTHORITY OFPITTSBURGH",
        "parcel_key": "007000060000000",
        "organization": "Hilltop Rising",
        "period_month": "2026-06",
        "assigned_flag": true,
        "returned_flag": false,
        "ownership_type": "URA",
        "masked_geometry": false,
        "completion_status": "missing",
        "maintenance_level": "Active"
      },
      "geometry": {
        "type": "Polygon",
        "coordinates": [
          [
            [
              -80.079946,
              40.447083
            ],
            [
              -80.080053,
              40.447152
            ],
            [
              -80.080123,
              40.447097
            ],
            [
              -80.080058,
              40.447051
            ],
            [
              -80.079946,
              40.447083
            ]
          ]
        ]
      }
    },
    {
      "type": "Feature",
      "properties": {
        "owner_name": "URBAN REDEVELOPMENT AUTHORITY OFPITTSBURGH",
        "parcel_key": "007000080000000",
        "organization": "Hilltop Rising",
        "period_month": "2026-06",
        "assigned_flag": true,
        "returned_flag": false,
        "ownership_type": "URA",
        "masked_geometry": false,
        "completion_status": "request_only",
        "maintenance_level": "Request Only"
      },
      "geometry": {
        "type": "Polygon",
        "coordinates": [
          [
            [
              -80.076389,
              40.447311
            ],
            [
              -80.076549,
              40.447985
            ],
            [
              -80.077216,
              40.447688
            ],
            [
              -80.076885,
              40.447229
            ],
            [
              -80.076389,
              40.447311
            ]
          ]
        ]
      }
    },
    {
      "type": "Feature",
      "properties": {
        "owner_name": "URBAN REDEVELOPMENT AUTHORITY OFPITTSBURGH",
        "parcel_key": "007000081000000",
        "organization": "Hilltop Rising",
        "period_month": "2026-06",
        "assigned_flag": true,
        "returned_flag": false,
        "ownership_type": "URA",
        "masked_geometry": false,
        "completion_status": "request_only",
        "maintenance_level": "Request Only"
      },
      "geometry": {
        "type": "Polygon",
        "coordinates": [
          [
            [
              -80.072687,
              40.452197
            ],
            [
              -80.072847,
              40.452297
            ],
            [
              -80.073091,
              40.45207
            ],
            [
              -80.072929,
              40.451969
            ],
            [
              -80.072687,
              40.452197
            ]
          ]
        ]
      }
    },
    {
      "type": "Feature",
      "properties": {
        "owner_name": "URBAN REDEVELOPMENT AUTHORITY OFPITTSBURGH",
        "parcel_key": "007000088000000",
        "organization": "Hilltop Rising",
        "period_month": "2026-06",
        "assigned_flag": true,
        "returned_flag": false,
        "ownership_type": "URA",
        "masked_geometry": false,
        "completion_status": "request_only",
        "maintenance_level": "Request Only"
      },
      "geometry": {
        "type": "Polygon",
        "coordinates": [
          [
            [
              -80.079053,
              40.448273
            ],
            [
              -80.079209,
              40.448383
            ],
            [
              -80.079443,
              40.448184
            ],
            [
              -80.079292,
              40.448079
            ],
            [
              -80.079053,
              40.448273
            ]
          ]
        ]
      }
    },
    {
      "type": "Feature",
      "properties": {
        "owner_name": "URBAN REDEVELOPMENT AUTHORITY OFPITTSBURGH",
        "parcel_key": "007000098000000",
        "organization": "Hilltop Rising",
        "period_month": "2026-06",
        "assigned_flag": true,
        "returned_flag": false,
        "ownership_type": "URA",
        "masked_geometry": false,
        "completion_status": "request_only",
        "maintenance_level": "Request Only"
      },
      "geometry": {
        "type": "Polygon",
        "coordinates": [
          [
            [
              -80.068086,
              40.452319
            ],
            [
              -80.068197,
              40.452077
            ],
            [
              -80.068062,
              40.452037
            ],
            [
              -80.067949,
              40.452278
            ],
            [
              -80.068086,
              40.452319
            ]
          ]
        ]
      }
    },
    {
      "type": "Feature",
      "properties": {
        "owner_name": "URBAN REDEVELOPMENT AUTHORITY OFPITTSBURGH",
        "parcel_key": "007000126000000",
        "organization": "Hilltop Rising",
        "period_month": "2026-06",
        "assigned_flag": true,
        "returned_flag": false,
        "ownership_type": "URA",
        "masked_geometry": false,
        "completion_status": "missing",
        "maintenance_level": "Active"
      },
      "geometry": {
        "type": "Polygon",
        "coordinates": [
          [
            [
              -80.080752,
              40.446474
            ],
            [
              -80.082448,
              40.447671
            ],
            [
              -80.082936,
              40.447315
            ],
            [
              -80.083234,
              40.44752
            ],
            [
              -80.083369,
              40.447406
            ],
            [
              -80.082075,
              40.446178
            ],
            [
              -80.080149,
              40.445695
            ],
            [
              -80.079463,
              40.446163
            ],
            [
              -80.080752,
              40.446474
            ]
          ]
        ]
      }
    },
    {
      "type": "Feature",
      "properties": {
        "owner_name": "URBAN REDEVELOPMENT AUTHORITY OFPITTSBURGH",
        "parcel_key": "007000274000000",
        "organization": "Hilltop Rising",
        "period_month": "2026-06",
        "assigned_flag": true,
        "returned_flag": false,
        "ownership_type": "URA",
        "masked_geometry": false,
        "completion_status": "request_only",
        "maintenance_level": "Request Only"
      },
      "geometry": {
        "type": "Polygon",
        "coordinates": [
          [
            [
              -80.073153,
              40.449725
            ],
            [
              -80.073377,
              40.450007
            ],
            [
              -80.07384,
              40.449764
            ],
            [
              -80.073492,
              40.449292
            ],
            [
              -80.073153,
              40.449725
            ]
          ]
        ]
      }
    },
    {
      "type": "Feature",
      "properties": {
        "owner_name": "URBAN REDEVELOPMENT AUTHORITY OFPITTSBURGH",
        "parcel_key": "007700265000000",
        "organization": "Hilltop Rising",
        "period_month": "2026-06",
        "assigned_flag": true,
        "returned_flag": false,
        "ownership_type": "URA",
        "masked_geometry": false,
        "completion_status": "missing",
        "maintenance_level": "Active"
      },
      "geometry": {
        "type": "Polygon",
        "coordinates": [
          [
            [
              -80.010476,
              40.473012
            ],
            [
              -80.010479,
              40.473123
            ],
            [
              -80.011156,
              40.473106
            ],
            [
              -80.011148,
              40.472986
            ],
            [
              -80.010476,
              40.473012
            ]
          ]
        ]
      }
    },
    {
      "type": "Feature",
      "properties": {
        "owner_name": "URBAN REDEVELOPMENT AUTHORITY OFPITTSBURGH",
        "parcel_key": "010700194000000",
        "organization": "Hilltop Rising",
        "period_month": "2026-06",
        "assigned_flag": true,
        "returned_flag": false,
        "ownership_type": "URA",
        "masked_geometry": false,
        "completion_status": "request_only",
        "maintenance_level": "Request Only"
      },
      "geometry": {
        "type": "Polygon",
        "coordinates": [
          [
            [
              -80.084791,
              40.445182
            ],
            [
              -80.084902,
              40.445227
            ],
            [
              -80.085053,
              40.445363
            ],
            [
              -80.085251,
              40.445399
            ],
            [
              -80.085443,
              40.445372
            ],
            [
              -80.085599,
              40.445403
            ],
            [
              -80.08523,
              40.44495
            ],
            [
              -80.084791,
              40.445182
            ]
          ]
        ]
      }
    },
    {
      "type": "Feature",
      "properties": {
        "owner_name": "URBAN REDEVELOPMENT AUTHORITY OFPITTSBURGH",
        "parcel_key": "010700200000000",
        "organization": "Hilltop Rising",
        "period_month": "2026-06",
        "assigned_flag": true,
        "returned_flag": false,
        "ownership_type": "URA",
        "masked_geometry": false,
        "completion_status": "request_only",
        "maintenance_level": "Request Only"
      },
      "geometry": {
        "type": "Polygon",
        "coordinates": [
          [
            [
              -80.082075,
              40.446178
            ],
            [
              -80.082293,
              40.446384
            ],
            [
              -80.08281,
              40.446185
            ],
            [
              -80.083014,
              40.446097
            ],
            [
              -80.08344,
              40.446034
            ],
            [
              -80.083505,
              40.446068
            ],
            [
              -80.084321,
              40.44543
            ],
            [
              -80.085729,
              40.444687
            ],
            [
              -80.085734,
              40.44451
            ],
            [
              -80.083294,
              40.445739
            ],
            [
              -80.082809,
              40.445918
            ],
            [
              -80.082075,
              40.446178
            ]
          ]
        ]
      }
    },
    {
      "type": "Feature",
      "properties": {
        "owner_name": "URBAN REDEVELOPMENT AUTHORITY OFPITTSBURGH",
        "parcel_key": "010700210000000",
        "organization": "Hilltop Rising",
        "period_month": "2026-06",
        "assigned_flag": true,
        "returned_flag": false,
        "ownership_type": "URA",
        "masked_geometry": false,
        "completion_status": "request_only",
        "maintenance_level": "Request Only"
      },
      "geometry": {
        "type": "Polygon",
        "coordinates": [
          [
            [
              -80.089845,
              40.45113
            ],
            [
              -80.09012,
              40.451319
            ],
            [
              -80.09021,
              40.451368
            ],
            [
              -80.090305,
              40.451412
            ],
            [
              -80.090403,
              40.45145
            ],
            [
              -80.090506,
              40.451482
            ],
            [
              -80.090611,
              40.451509
            ],
            [
              -80.090718,
              40.451529
            ],
            [
              -80.090827,
              40.451542
            ],
            [
              -80.090938,
              40.45155
            ],
            [
              -80.091048,
              40.451551
            ],
            [
              -80.091159,
              40.451545
            ],
            [
              -80.09127,
              40.451533
            ],
            [
              -80.091378,
              40.451515
            ],
            [
              -80.091485,
              40.45149
            ],
            [
              -80.091589,
              40.451459
            ],
            [
              -80.091689,
              40.451422
            ],
            [
              -80.091785,
              40.45138
            ],
            [
              -80.091877,
              40.451332
            ],
            [
              -80.091964,
              40.451278
            ],
            [
              -80.092378,
              40.451077
            ],
            [
              -80.092347,
              40.450919
            ],
            [
              -80.09169,
              40.451164
            ],
            [
              -80.091573,
              40.450971
            ],
            [
              -80.091494,
              40.451007
            ],
            [
              -80.091427,
              40.451029
            ],
            [
              -80.091284,
              40.451058
            ],
            [
              -80.09115,
              40.451064
            ],
            [
              -80.091004,
              40.451048
            ],
            [
              -80.090933,
              40.451031
            ],
            [
              -80.090866,
              40.451009
            ],
            [
              -80.090751,
              40.450955
            ],
            [
              -80.090515,
              40.450792
            ],
            [
              -80.090398,
              40.45069
            ],
            [
              -80.090325,
              40.450609
            ],
            [
              -80.090237,
              40.450488
            ],
            [
              -80.09017,
              40.450361
            ],
            [
              -80.090124,
              40.450228
            ],
            [
              -80.090104,
              40.45013
            ],
            [
              -80.090095,
              40.450032
            ],
            [
              -80.090102,
              40.449541
            ],
            [
              -80.089869,
              40.448378
            ],
            [
              -80.089485,
              40.447452
            ],
            [
              -80.086216,
              40.444244
            ],
            [
              -80.085872,
              40.444412
            ],
            [
              -80.085915,
              40.444447
            ],
            [
              -80.085874,
              40.44555
            ],
            [
              -80.086106,
              40.445444
            ],
            [
              -80.08616,
              40.44537
            ],
            [
              -80.086284,
              40.445418
            ],
            [
              -80.086557,
              40.445614
            ],
            [
              -80.086644,
              40.445697
            ],
            [
              -80.087663,
              40.446802
            ],
            [
              -80.087942,
              40.447089
            ],
            [
              -80.088125,
              40.4473
            ],
            [
              -80.088229,
              40.447444
            ],
            [
              -80.088397,
              40.447728
            ],
            [
              -80.088467,
              40.447859
            ],
            [
              -80.088526,
              40.447988
            ],
            [
              -80.088572,
              40.448124
            ],
            [
              -80.088607,
              40.448265
            ],
            [
              -80.088623,
              40.448386
            ],
            [
              -80.088638,
              40.448628
            ],
            [
              -80.088637,
              40.449208
            ],
            [
              -80.08857,
              40.449253
            ],
            [
              -80.088484,
              40.449295
            ],
            [
              -80.08841,
              40.44932
            ],
            [
              -80.088333,
              40.449335
            ],
            [
              -80.088271,
              40.449341
            ],
            [
              -80.088038,
              40.449341
            ],
            [
              -80.08782,
              40.449364
            ],
            [
              -80.087725,
              40.449391
            ],
            [
              -80.087651,
              40.449395
            ],
            [
              -80.087594,
              40.449389
            ],
            [
              -80.087459,
              40.449305
            ],
            [
              -80.087222,
              40.449106
            ],
            [
              -80.086301,
              40.448358
            ],
            [
              -80.085691,
              40.447874
            ],
            [
              -80.085615,
              40.447924
            ],
            [
              -80.087548,
              40.449482
            ],
            [
              -80.087672,
              40.449583
            ],
            [
              -80.087715,
              40.449627
            ],
            [
              -80.087769,
              40.449618
            ],
            [
              -80.087988,
              40.449604
            ],
            [
              -80.088142,
              40.449584
            ],
            [
              -80.088255,
              40.449584
            ],
            [
              -80.088322,
              40.449593
            ],
            [
              -80.088387,
              40.449608
            ],
            [
              -80.088449,
              40.449631
            ],
            [
              -80.088505,
              40.44966
            ],
            [
              -80.088557,
              40.449694
            ],
            [
              -80.088577,
              40.450145
            ],
            [
              -80.088597,
              40.450358
            ],
            [
              -80.088652,
              40.450664
            ],
            [
              -80.088708,
              40.450873
            ],
            [
              -80.088772,
              40.451059
            ],
            [
              -80.089346,
              40.450903
            ],
            [
              -80.089453,
              40.450868
            ],
            [
              -80.089381,
              40.450618
            ],
            [
              -80.089439,
              40.450712
            ],
            [
              -80.089505,
              40.450804
            ],
            [
              -80.089579,
              40.450892
            ],
            [
              -80.08966,
              40.450976
            ],
            [
              -80.089749,
              40.451055
            ],
            [
              -80.089845,
              40.45113
            ]
          ]
        ]
      }
    },
    {
      "type": "Feature",
      "properties": {
        "owner_name": "URBAN REDEVELOPMENT AUTHORITY OFPITTSBURGH",
        "parcel_key": "011600056000000",
        "organization": "Hilltop Rising",
        "period_month": "2026-06",
        "assigned_flag": true,
        "returned_flag": false,
        "ownership_type": "URA",
        "masked_geometry": false,
        "completion_status": "request_only",
        "maintenance_level": "Request Only"
      },
      "geometry": {
        "type": "Polygon",
        "coordinates": [
          [
            [
              -80.0048,
              40.489157
            ],
            [
              -80.004362,
              40.488503
            ],
            [
              -80.004005,
              40.488587
            ],
            [
              -80.004456,
              40.489247
            ],
            [
              -80.0048,
              40.489157
            ]
          ]
        ]
      }
    },
    {
      "type": "Feature",
      "properties": {
        "owner_name": "URBAN REDEVELOPMENT AUTHORITY OFPITTSBURGH",
        "parcel_key": "001000034000000",
        "organization": "KRJ Enterprises",
        "period_month": "2026-06",
        "assigned_flag": true,
        "returned_flag": true,
        "ownership_type": "URA",
        "masked_geometry": false,
        "completion_status": "returned",
        "maintenance_level": "Active"
      },
      "geometry": {
        "type": "Polygon",
        "coordinates": [
          [
            [
              -79.972169,
              40.44802
            ],
            [
              -79.972333,
              40.448256
            ],
            [
              -79.972465,
              40.4482
            ],
            [
              -79.972296,
              40.447966
            ],
            [
              -79.972169,
              40.44802
            ]
          ]
        ]
      }
    },
    {
      "type": "Feature",
      "properties": {
        "owner_name": "URBAN REDEVELOPMENT AUTHORITY OFPITTSBURGH",
        "parcel_key": "001000063000000",
        "organization": "KRJ Enterprises",
        "period_month": "2026-06",
        "assigned_flag": true,
        "returned_flag": true,
        "ownership_type": "URA",
        "masked_geometry": false,
        "completion_status": "returned",
        "maintenance_level": "Active"
      },
      "geometry": {
        "type": "Polygon",
        "coordinates": [
          [
            [
              -79.978814,
              40.443665
            ],
            [
              -79.978684,
              40.443487
            ],
            [
              -79.978103,
              40.443747
            ],
            [
              -79.978224,
              40.443926
            ],
            [
              -79.978814,
              40.443665
            ]
          ]
        ]
      }
    },
    {
      "type": "Feature",
      "properties": {
        "owner_name": "URBAN REDEVELOPMENT AUTHORITY OFPITTSBURGH",
        "parcel_key": "001000069000000",
        "organization": "KRJ Enterprises",
        "period_month": "2026-06",
        "assigned_flag": true,
        "returned_flag": true,
        "ownership_type": "URA",
        "masked_geometry": false,
        "completion_status": "returned",
        "maintenance_level": "Active"
      },
      "geometry": {
        "type": "Polygon",
        "coordinates": [
          [
            [
              -79.968798,
              40.451787
            ],
            [
              -79.968845,
              40.451861
            ],
            [
              -79.968863,
              40.451851
            ],
            [
              -79.969018,
              40.452092
            ],
            [
              -79.96908,
              40.452066
            ],
            [
              -79.968926,
              40.451819
            ],
            [
              -79.968883,
              40.451836
            ],
            [
              -79.968839,
              40.45177
            ],
            [
              -79.968798,
              40.451787
            ]
          ]
        ]
      }
    },
    {
      "type": "Feature",
      "properties": {
        "owner_name": "URBAN REDEVELOPMENT AUTHORITY OFPITTSBURGH",
        "parcel_key": "001000121000500",
        "organization": "KRJ Enterprises",
        "period_month": "2026-06",
        "assigned_flag": true,
        "returned_flag": true,
        "ownership_type": "URA",
        "masked_geometry": false,
        "completion_status": "returned",
        "maintenance_level": "Active"
      },
      "geometry": {
        "type": "Polygon",
        "coordinates": [
          [
            [
              -79.97501,
              40.445534
            ],
            [
              -79.975022,
              40.44532
            ],
            [
              -79.974956,
              40.445317
            ],
            [
              -79.974949,
              40.445533
            ],
            [
              -79.97501,
              40.445534
            ]
          ]
        ]
      }
    },
    {
      "type": "Feature",
      "properties": {
        "owner_name": "URBAN REDEVELOPMENT AUTHORITY OFPITTSBURGH",
        "parcel_key": "00100012200000",
        "organization": "KRJ Enterprises",
        "period_month": "2026-06",
        "assigned_flag": true,
        "returned_flag": true,
        "ownership_type": "URA",
        "masked_geometry": false,
        "completion_status": "returned",
        "maintenance_level": "Active"
      },
      "geometry": {
        "type": "Polygon",
        "coordinates": [
          [
            [
              -79.975208,
              40.445527
            ],
            [
              -79.975218,
              40.445329
            ],
            [
              -79.975136,
              40.445325
            ],
            [
              -79.975123,
              40.44552
            ],
            [
              -79.975208,
              40.445527
            ]
          ]
        ]
      }
    },
    {
      "type": "Feature",
      "properties": {
        "owner_name": "URBAN REDEVELOPMENT AUTHORITY OFPITTSBURGH",
        "parcel_key": "001000199000000",
        "organization": "KRJ Enterprises",
        "period_month": "2026-06",
        "assigned_flag": true,
        "returned_flag": true,
        "ownership_type": "URA",
        "masked_geometry": false,
        "completion_status": "returned",
        "maintenance_level": "Active"
      },
      "geometry": {
        "type": "Polygon",
        "coordinates": [
          [
            [
              -79.976343,
              40.444527
            ],
            [
              -79.976412,
              40.444498
            ],
            [
              -79.976233,
              40.44426
            ],
            [
              -79.976164,
              40.44429
            ],
            [
              -79.976343,
              40.444527
            ]
          ]
        ]
      }
    },
    {
      "type": "Feature",
      "properties": {
        "owner_name": "URBAN REDEVELOPMENT AUTHORITY OFPITTSBURGH",
        "parcel_key": "001000204000000",
        "organization": "KRJ Enterprises",
        "period_month": "2026-06",
        "assigned_flag": true,
        "returned_flag": true,
        "ownership_type": "URA",
        "masked_geometry": false,
        "completion_status": "returned",
        "maintenance_level": "Active"
      },
      "geometry": {
        "type": "Polygon",
        "coordinates": [
          [
            [
              -79.967877,
              40.450066
            ],
            [
              -79.967729,
              40.450126
            ],
            [
              -79.967626,
              40.450166
            ],
            [
              -79.967695,
              40.450256
            ],
            [
              -79.967944,
              40.450159
            ],
            [
              -79.967877,
              40.450066
            ]
          ]
        ]
      }
    },
    {
      "type": "Feature",
      "properties": {
        "owner_name": "URBAN REDEVELOPMENT AUTHORITY OFPITTSBURGH",
        "parcel_key": "001000205000000",
        "organization": "KRJ Enterprises",
        "period_month": "2026-06",
        "assigned_flag": true,
        "returned_flag": true,
        "ownership_type": "URA",
        "masked_geometry": false,
        "completion_status": "returned",
        "maintenance_level": "Active"
      },
      "geometry": {
        "type": "Polygon",
        "coordinates": [
          [
            [
              -79.976733,
              40.447288
            ],
            [
              -79.976807,
              40.447388
            ],
            [
              -79.977115,
              40.447259
            ],
            [
              -79.977038,
              40.447156
            ],
            [
              -79.976733,
              40.447288
            ]
          ]
        ]
      }
    },
    {
      "type": "Feature",
      "properties": {
        "owner_name": "URBAN REDEVELOPMENT AUTHORITY OFPITTSBURGH",
        "parcel_key": "001000229000000",
        "organization": "KRJ Enterprises",
        "period_month": "2026-06",
        "assigned_flag": true,
        "returned_flag": true,
        "ownership_type": "URA",
        "masked_geometry": false,
        "completion_status": "returned",
        "maintenance_level": "Active"
      },
      "geometry": {
        "type": "Polygon",
        "coordinates": [
          [
            [
              -79.968306,
              40.446053
            ],
            [
              -79.968542,
              40.446264
            ],
            [
              -79.968654,
              40.446186
            ],
            [
              -79.968418,
              40.445981
            ],
            [
              -79.968306,
              40.446053
            ]
          ]
        ]
      }
    },
    {
      "type": "Feature",
      "properties": {
        "owner_name": "URBAN REDEVELOPMENT AUTHORITY OFPITTSBURGH",
        "parcel_key": "001000238000000",
        "organization": "KRJ Enterprises",
        "period_month": "2026-06",
        "assigned_flag": true,
        "returned_flag": false,
        "ownership_type": "URA",
        "masked_geometry": false,
        "completion_status": "missing",
        "maintenance_level": "Active"
      },
      "geometry": {
        "type": "Polygon",
        "coordinates": [
          [
            [
              -79.973262,
              40.448131
            ],
            [
              -79.973322,
              40.448239
            ],
            [
              -79.973635,
              40.448145
            ],
            [
              -79.973575,
              40.448032
            ],
            [
              -79.973262,
              40.448131
            ]
          ]
        ]
      }
    },
    {
      "type": "Feature",
      "properties": {
        "owner_name": "URBAN REDEVELOPMENT AUTHORITY OFPITTSBURGH",
        "parcel_key": "001000244000000",
        "organization": "KRJ Enterprises",
        "period_month": "2026-06",
        "assigned_flag": true,
        "returned_flag": false,
        "ownership_type": "URA",
        "masked_geometry": false,
        "completion_status": "missing",
        "maintenance_level": "Active"
      },
      "geometry": {
        "type": "Polygon",
        "coordinates": [
          [
            [
              -79.968355,
              40.451068
            ],
            [
              -79.968497,
              40.451258
            ],
            [
              -79.968627,
              40.451201
            ],
            [
              -79.96851,
              40.451027
            ],
            [
              -79.968454,
              40.451047
            ],
            [
              -79.968446,
              40.451036
            ],
            [
              -79.968355,
              40.451068
            ]
          ]
        ]
      }
    },
    {
      "type": "Feature",
      "properties": {
        "owner_name": "URBAN REDEVELOPMENT AUTHORITY OFPITTSBURGH",
        "parcel_key": "001000245000000",
        "organization": "KRJ Enterprises",
        "period_month": "2026-06",
        "assigned_flag": true,
        "returned_flag": false,
        "ownership_type": "URA",
        "masked_geometry": false,
        "completion_status": "missing",
        "maintenance_level": "Active"
      },
      "geometry": {
        "type": "Polygon",
        "coordinates": [
          [
            [
              -79.9668,
              40.448613
            ],
            [
              -79.966847,
              40.448688
            ],
            [
              -79.967188,
              40.448564
            ],
            [
              -79.967142,
              40.448489
            ],
            [
              -79.9668,
              40.448613
            ]
          ]
        ]
      }
    },
    {
      "type": "Feature",
      "properties": {
        "owner_name": "URBAN REDEVELOPMENT AUTHORITY OFPITTSBURGH",
        "parcel_key": "001000257000000",
        "organization": "KRJ Enterprises",
        "period_month": "2026-06",
        "assigned_flag": true,
        "returned_flag": true,
        "ownership_type": "URA",
        "masked_geometry": false,
        "completion_status": "returned",
        "maintenance_level": "Active"
      },
      "geometry": {
        "type": "Polygon",
        "coordinates": [
          [
            [
              -79.966349,
              40.44803
            ],
            [
              -79.966613,
              40.448222
            ],
            [
              -79.966696,
              40.448175
            ],
            [
              -79.966434,
              40.447971
            ],
            [
              -79.966349,
              40.44803
            ]
          ]
        ]
      }
    },
    {
      "type": "Feature",
      "properties": {
        "owner_name": "URBAN REDEVELOPMENT AUTHORITY OFPITTSBURGH",
        "parcel_key": "00100025800000",
        "organization": "KRJ Enterprises",
        "period_month": "2026-06",
        "assigned_flag": true,
        "returned_flag": true,
        "ownership_type": "URA",
        "masked_geometry": false,
        "completion_status": "returned",
        "maintenance_level": "Active"
      },
      "geometry": {
        "type": "Polygon",
        "coordinates": [
          [
            [
              -79.980631,
              40.44424
            ],
            [
              -79.980518,
              40.444079
            ],
            [
              -79.980478,
              40.444095
            ],
            [
              -79.980599,
              40.444253
            ],
            [
              -79.980631,
              40.44424
            ]
          ]
        ]
      }
    },
    {
      "type": "Feature",
      "properties": {
        "owner_name": "URBAN REDEVELOPMENT AUTHORITY OFPITTSBURGH",
        "parcel_key": "001000273000000",
        "organization": "KRJ Enterprises",
        "period_month": "2026-06",
        "assigned_flag": true,
        "returned_flag": true,
        "ownership_type": "URA",
        "masked_geometry": false,
        "completion_status": "returned",
        "maintenance_level": "Active"
      },
      "geometry": {
        "type": "Polygon",
        "coordinates": [
          [
            [
              -79.966652,
              40.449128
            ],
            [
              -79.966974,
              40.449009
            ],
            [
              -79.96703,
              40.448986
            ],
            [
              -79.966999,
              40.448936
            ],
            [
              -79.96662,
              40.449077
            ],
            [
              -79.966652,
              40.449128
            ]
          ]
        ]
      }
    },
    {
      "type": "Feature",
      "properties": {
        "owner_name": "URBAN REDEVELOPMENT AUTHORITY OFPITTSBURGH",
        "parcel_key": "00100027800000",
        "organization": "KRJ Enterprises",
        "period_month": "2026-06",
        "assigned_flag": true,
        "returned_flag": true,
        "ownership_type": "URA",
        "masked_geometry": false,
        "completion_status": "returned",
        "maintenance_level": "Active"
      },
      "geometry": {
        "type": "Polygon",
        "coordinates": [
          [
            [
              -79.967063,
              40.450511
            ],
            [
              -79.967013,
              40.45044
            ],
            [
              -79.966939,
              40.450473
            ],
            [
              -79.966987,
              40.450544
            ],
            [
              -79.967063,
              40.450511
            ]
          ]
        ]
      }
    },
    {
      "type": "Feature",
      "properties": {
        "owner_name": "URBAN REDEVELOPMENT AUTHORITY OFPITTSBURGH",
        "parcel_key": "00100028200000",
        "organization": "KRJ Enterprises",
        "period_month": "2026-06",
        "assigned_flag": true,
        "returned_flag": true,
        "ownership_type": "URA",
        "masked_geometry": false,
        "completion_status": "returned",
        "maintenance_level": "Active"
      },
      "geometry": {
        "type": "Polygon",
        "coordinates": [
          [
            [
              -79.967341,
              40.450325
            ],
            [
              -79.967309,
              40.450338
            ],
            [
              -79.967178,
              40.450392
            ],
            [
              -79.967215,
              40.450446
            ],
            [
              -79.967369,
              40.45038
            ],
            [
              -79.967341,
              40.450325
            ]
          ]
        ]
      }
    },
    {
      "type": "Feature",
      "properties": {
        "owner_name": "URBAN REDEVELOPMENT AUTHORITY OFPITTSBURGH",
        "parcel_key": "001000285000000",
        "organization": "KRJ Enterprises",
        "period_month": "2026-06",
        "assigned_flag": true,
        "returned_flag": true,
        "ownership_type": "URA",
        "masked_geometry": false,
        "completion_status": "returned",
        "maintenance_level": "Active"
      },
      "geometry": {
        "type": "Polygon",
        "coordinates": [
          [
            [
              -79.972266,
              40.449847
            ],
            [
              -79.972189,
              40.44988
            ],
            [
              -79.972431,
              40.450336
            ],
            [
              -79.972508,
              40.450304
            ],
            [
              -79.972266,
              40.449847
            ]
          ]
        ]
      }
    },
    {
      "type": "Feature",
      "properties": {
        "owner_name": "URBAN REDEVELOPMENT AUTHORITY OFPITTSBURGH",
        "parcel_key": "001000287000000",
        "organization": "KRJ Enterprises",
        "period_month": "2026-06",
        "assigned_flag": true,
        "returned_flag": true,
        "ownership_type": "URA",
        "masked_geometry": false,
        "completion_status": "returned",
        "maintenance_level": "Active"
      },
      "geometry": {
        "type": "Polygon",
        "coordinates": [
          [
            [
              -79.970937,
              40.446475
            ],
            [
              -79.970968,
              40.446533
            ],
            [
              -79.971289,
              40.446421
            ],
            [
              -79.971258,
              40.446364
            ],
            [
              -79.970937,
              40.446475
            ]
          ]
        ]
      }
    },
    {
      "type": "Feature",
      "properties": {
        "owner_name": "URBAN REDEVELOPMENT AUTHORITY OFPITTSBURGH",
        "parcel_key": "001000289000000",
        "organization": "KRJ Enterprises",
        "period_month": "2026-06",
        "assigned_flag": true,
        "returned_flag": true,
        "ownership_type": "URA",
        "masked_geometry": false,
        "completion_status": "returned",
        "maintenance_level": "Active"
      },
      "geometry": {
        "type": "Polygon",
        "coordinates": [
          [
            [
              -79.966183,
              40.449285
            ],
            [
              -79.966246,
              40.449383
            ],
            [
              -79.966574,
              40.449258
            ],
            [
              -79.966512,
              40.449159
            ],
            [
              -79.966183,
              40.449285
            ]
          ]
        ]
      }
    },
    {
      "type": "Feature",
      "properties": {
        "owner_name": "URBAN REDEVELOPMENT AUTHORITY OFPITTSBURGH",
        "parcel_key": "001000294000000",
        "organization": "KRJ Enterprises",
        "period_month": "2026-06",
        "assigned_flag": true,
        "returned_flag": true,
        "ownership_type": "URA",
        "masked_geometry": false,
        "completion_status": "returned",
        "maintenance_level": "Active"
      },
      "geometry": {
        "type": "Polygon",
        "coordinates": [
          [
            [
              -79.966444,
              40.449692
            ],
            [
              -79.966764,
              40.44956
            ],
            [
              -79.966724,
              40.449496
            ],
            [
              -79.966399,
              40.449621
            ],
            [
              -79.966444,
              40.449692
            ]
          ]
        ]
      }
    },
    {
      "type": "Feature",
      "properties": {
        "owner_name": "URBAN REDEVELOPMENT AUTHORITY OFPITTSBURGH",
        "parcel_key": "001000298000000",
        "organization": "KRJ Enterprises",
        "period_month": "2026-06",
        "assigned_flag": true,
        "returned_flag": true,
        "ownership_type": "URA",
        "masked_geometry": false,
        "completion_status": "returned",
        "maintenance_level": "Active"
      },
      "geometry": {
        "type": "Polygon",
        "coordinates": [
          [
            [
              -79.966671,
              40.446524
            ],
            [
              -79.966779,
              40.446457
            ],
            [
              -79.966331,
              40.446057
            ],
            [
              -79.966229,
              40.44612
            ],
            [
              -79.966671,
              40.446524
            ]
          ]
        ]
      }
    },
    {
      "type": "Feature",
      "properties": {
        "owner_name": "URBAN REDEVELOPMENT AUTHORITY OFPITTSBURGH",
        "parcel_key": "001000301000000",
        "organization": "KRJ Enterprises",
        "period_month": "2026-06",
        "assigned_flag": true,
        "returned_flag": true,
        "ownership_type": "URA",
        "masked_geometry": false,
        "completion_status": "returned",
        "maintenance_level": "Active"
      },
      "geometry": {
        "type": "Polygon",
        "coordinates": [
          [
            [
              -79.965897,
              40.446176
            ],
            [
              -79.966139,
              40.446573
            ],
            [
              -79.966267,
              40.446773
            ],
            [
              -79.966459,
              40.446654
            ],
            [
              -79.965949,
              40.446176
            ],
            [
              -79.965933,
              40.446179
            ],
            [
              -79.965897,
              40.446176
            ]
          ]
        ]
      }
    },
    {
      "type": "Feature",
      "properties": {
        "owner_name": "URBAN REDEVELOPMENT AUTHORITY OFPITTSBURGH",
        "parcel_key": "001000330000000",
        "organization": "KRJ Enterprises",
        "period_month": "2026-06",
        "assigned_flag": true,
        "returned_flag": true,
        "ownership_type": "URA",
        "masked_geometry": false,
        "completion_status": "returned",
        "maintenance_level": "Active"
      },
      "geometry": {
        "type": "Polygon",
        "coordinates": [
          [
            [
              -79.979702,
              40.447275
            ],
            [
              -79.979834,
              40.447202
            ],
            [
              -79.979515,
              40.446766
            ],
            [
              -79.979321,
              40.44685
            ],
            [
              -79.979631,
              40.447276
            ],
            [
              -79.979683,
              40.447254
            ],
            [
              -79.979702,
              40.447275
            ]
          ]
        ]
      }
    },
    {
      "type": "Feature",
      "properties": {
        "owner_name": "URBAN REDEVELOPMENT AUTHORITY OFPITTSBURGH",
        "parcel_key": "001000333000000",
        "organization": "KRJ Enterprises",
        "period_month": "2026-06",
        "assigned_flag": true,
        "returned_flag": true,
        "ownership_type": "URA",
        "masked_geometry": false,
        "completion_status": "returned",
        "maintenance_level": "Active"
      },
      "geometry": {
        "type": "Polygon",
        "coordinates": [
          [
            [
              -79.96689,
              40.450663
            ],
            [
              -79.967071,
              40.450939
            ],
            [
              -79.967591,
              40.450722
            ],
            [
              -79.967414,
              40.450439
            ],
            [
              -79.96689,
              40.450663
            ]
          ]
        ]
      }
    },
    {
      "type": "Feature",
      "properties": {
        "owner_name": "URBAN REDEVELOPMENT AUTHORITY OFPITTSBURGH",
        "parcel_key": "001000334000000",
        "organization": "KRJ Enterprises",
        "period_month": "2026-06",
        "assigned_flag": true,
        "returned_flag": true,
        "ownership_type": "URA",
        "masked_geometry": false,
        "completion_status": "returned",
        "maintenance_level": "Active"
      },
      "geometry": {
        "type": "Polygon",
        "coordinates": [
          [
            [
              -79.979739,
              40.443573
            ],
            [
              -79.979596,
              40.443634
            ],
            [
              -79.979786,
              40.443892
            ],
            [
              -79.97993,
              40.443832
            ],
            [
              -79.979739,
              40.443573
            ]
          ]
        ]
      }
    },
    {
      "type": "Feature",
      "properties": {
        "owner_name": "URBAN REDEVELOPMENT AUTHORITY OFPITTSBURGH",
        "parcel_key": "00100034200000",
        "organization": "KRJ Enterprises",
        "period_month": "2026-06",
        "assigned_flag": true,
        "returned_flag": true,
        "ownership_type": "URA",
        "masked_geometry": false,
        "completion_status": "returned",
        "maintenance_level": "Active"
      },
      "geometry": {
        "type": "Polygon",
        "coordinates": [
          [
            [
              -79.966133,
              40.450575
            ],
            [
              -79.966329,
              40.450843
            ],
            [
              -79.966362,
              40.450828
            ],
            [
              -79.966175,
              40.450556
            ],
            [
              -79.966133,
              40.450575
            ]
          ]
        ]
      }
    },
    {
      "type": "Feature",
      "properties": {
        "owner_name": "URBAN REDEVELOPMENT AUTHORITY OFPITTSBURGH",
        "parcel_key": "001000391000000",
        "organization": "KRJ Enterprises",
        "period_month": "2026-06",
        "assigned_flag": true,
        "returned_flag": true,
        "ownership_type": "URA",
        "masked_geometry": false,
        "completion_status": "returned",
        "maintenance_level": "Active"
      },
      "geometry": {
        "type": "Polygon",
        "coordinates": [
          [
            [
              -79.981282,
              40.445063
            ],
            [
              -79.981243,
              40.44501
            ],
            [
              -79.98094,
              40.445134
            ],
            [
              -79.980977,
              40.445187
            ],
            [
              -79.981282,
              40.445063
            ]
          ]
        ]
      }
    },
    {
      "type": "Feature",
      "properties": {
        "owner_name": "URBAN REDEVELOPMENT AUTHORITY OFPITTSBURGH",
        "parcel_key": "001000392000000",
        "organization": "KRJ Enterprises",
        "period_month": "2026-06",
        "assigned_flag": true,
        "returned_flag": true,
        "ownership_type": "URA",
        "masked_geometry": false,
        "completion_status": "returned",
        "maintenance_level": "Active"
      },
      "geometry": {
        "type": "Polygon",
        "coordinates": [
          [
            [
              -79.9809,
              40.44508
            ],
            [
              -79.98094,
              40.445134
            ],
            [
              -79.981243,
              40.44501
            ],
            [
              -79.981204,
              40.444956
            ],
            [
              -79.9809,
              40.44508
            ]
          ]
        ]
      }
    },
    {
      "type": "Feature",
      "properties": {
        "owner_name": "URBAN REDEVELOPMENT AUTHORITY OFPITTSBURGH",
        "parcel_key": "001000393000000",
        "organization": "KRJ Enterprises",
        "period_month": "2026-06",
        "assigned_flag": true,
        "returned_flag": true,
        "ownership_type": "URA",
        "masked_geometry": false,
        "completion_status": "returned",
        "maintenance_level": "Active"
      },
      "geometry": {
        "type": "Polygon",
        "coordinates": [
          [
            [
              -79.981204,
              40.444956
            ],
            [
              -79.981165,
              40.444902
            ],
            [
              -79.980861,
              40.445025
            ],
            [
              -79.9809,
              40.44508
            ],
            [
              -79.981204,
              40.444956
            ]
          ]
        ]
      }
    },
    {
      "type": "Feature",
      "properties": {
        "owner_name": "URBAN REDEVELOPMENT AUTHORITY OFPITTSBURGH",
        "parcel_key": "001000394000000",
        "organization": "KRJ Enterprises",
        "period_month": "2026-06",
        "assigned_flag": true,
        "returned_flag": true,
        "ownership_type": "URA",
        "masked_geometry": false,
        "completion_status": "returned",
        "maintenance_level": "Active"
      },
      "geometry": {
        "type": "Polygon",
        "coordinates": [
          [
            [
              -79.980821,
              40.444971
            ],
            [
              -79.980861,
              40.445025
            ],
            [
              -79.981165,
              40.444902
            ],
            [
              -79.981125,
              40.444847
            ],
            [
              -79.980821,
              40.444971
            ]
          ]
        ]
      }
    },
    {
      "type": "Feature",
      "properties": {
        "owner_name": "URBAN REDEVELOPMENT AUTHORITY OFPITTSBURGH",
        "parcel_key": "001000395000000",
        "organization": "KRJ Enterprises",
        "period_month": "2026-06",
        "assigned_flag": true,
        "returned_flag": true,
        "ownership_type": "URA",
        "masked_geometry": false,
        "completion_status": "returned",
        "maintenance_level": "Active"
      },
      "geometry": {
        "type": "Polygon",
        "coordinates": [
          [
            [
              -79.980786,
              40.444923
            ],
            [
              -79.980821,
              40.444971
            ],
            [
              -79.981125,
              40.444847
            ],
            [
              -79.98109,
              40.444799
            ],
            [
              -79.980786,
              40.444923
            ]
          ]
        ]
      }
    },
    {
      "type": "Feature",
      "properties": {
        "owner_name": "URBAN REDEVELOPMENT AUTHORITY OFPITTSBURGH",
        "parcel_key": "001000396000000",
        "organization": "KRJ Enterprises",
        "period_month": "2026-06",
        "assigned_flag": true,
        "returned_flag": true,
        "ownership_type": "URA",
        "masked_geometry": false,
        "completion_status": "returned",
        "maintenance_level": "Active"
      },
      "geometry": {
        "type": "Polygon",
        "coordinates": [
          [
            [
              -79.980746,
              40.444867
            ],
            [
              -79.980786,
              40.444923
            ],
            [
              -79.98109,
              40.444799
            ],
            [
              -79.98105,
              40.444744
            ],
            [
              -79.980746,
              40.444867
            ]
          ]
        ]
      }
    },
    {
      "type": "Feature",
      "properties": {
        "owner_name": "URBAN REDEVELOPMENT AUTHORITY OFPITTSBURGH",
        "parcel_key": "002700015000000",
        "organization": "KRJ Enterprises",
        "period_month": "2026-06",
        "assigned_flag": true,
        "returned_flag": true,
        "ownership_type": "URA",
        "masked_geometry": false,
        "completion_status": "returned",
        "maintenance_level": "Active"
      },
      "geometry": {
        "type": "Polygon",
        "coordinates": [
          [
            [
              -79.965828,
              40.448791
            ],
            [
              -79.965979,
              40.449011
            ],
            [
              -79.966307,
              40.448703
            ],
            [
              -79.96619,
              40.448516
            ],
            [
              -79.965828,
              40.448791
            ]
          ]
        ]
      }
    },
    {
      "type": "Feature",
      "properties": {
        "owner_name": "URBAN REDEVELOPMENT AUTHORITY OFPITTSBURGH",
        "parcel_key": "00270004800000",
        "organization": "KRJ Enterprises",
        "period_month": "2026-06",
        "assigned_flag": true,
        "returned_flag": true,
        "ownership_type": "URA",
        "masked_geometry": false,
        "completion_status": "returned",
        "maintenance_level": "Active"
      },
      "geometry": {
        "type": "Polygon",
        "coordinates": [
          [
            [
              -79.965346,
              40.449494
            ],
            [
              -79.965701,
              40.449369
            ],
            [
              -79.965678,
              40.449332
            ],
            [
              -79.965332,
              40.449463
            ],
            [
              -79.965346,
              40.449494
            ]
          ]
        ]
      }
    },
    {
      "type": "Feature",
      "properties": {
        "owner_name": "URBAN REDEVELOPMENT AUTHORITY OFPITTSBURGH",
        "parcel_key": "002700048000000",
        "organization": "KRJ Enterprises",
        "period_month": "2026-06",
        "assigned_flag": true,
        "returned_flag": true,
        "ownership_type": "URA",
        "masked_geometry": false,
        "completion_status": "returned",
        "maintenance_level": "Active"
      },
      "geometry": {
        "type": "Polygon",
        "coordinates": [
          [
            [
              -79.959259,
              40.452526
            ],
            [
              -79.959327,
              40.452549
            ],
            [
              -79.959478,
              40.452295
            ],
            [
              -79.95941,
              40.452273
            ],
            [
              -79.959259,
              40.452526
            ]
          ]
        ]
      }
    },
    {
      "type": "Feature",
      "properties": {
        "owner_name": "URBAN REDEVELOPMENT AUTHORITY OFPITTSBURGH",
        "parcel_key": "002700054000000",
        "organization": "KRJ Enterprises",
        "period_month": "2026-06",
        "assigned_flag": true,
        "returned_flag": true,
        "ownership_type": "URA",
        "masked_geometry": false,
        "completion_status": "returned",
        "maintenance_level": "Active"
      },
      "geometry": {
        "type": "Polygon",
        "coordinates": [
          [
            [
              -79.957993,
              40.448635
            ],
            [
              -79.957668,
              40.44838
            ],
            [
              -79.957544,
              40.448472
            ],
            [
              -79.957856,
              40.448732
            ],
            [
              -79.957993,
              40.448635
            ]
          ]
        ]
      }
    },
    {
      "type": "Feature",
      "properties": {
        "owner_name": "URBAN REDEVELOPMENT AUTHORITY OFPITTSBURGH",
        "parcel_key": "002700055000000",
        "organization": "KRJ Enterprises",
        "period_month": "2026-06",
        "assigned_flag": true,
        "returned_flag": true,
        "ownership_type": "URA",
        "masked_geometry": false,
        "completion_status": "returned",
        "maintenance_level": "Active"
      },
      "geometry": {
        "type": "Polygon",
        "coordinates": [
          [
            [
              -79.959934,
              40.452453
            ],
            [
              -79.959796,
              40.4527
            ],
            [
              -79.959864,
              40.452721
            ],
            [
              -79.959997,
              40.452475
            ],
            [
              -79.959934,
              40.452453
            ]
          ]
        ]
      }
    },
    {
      "type": "Feature",
      "properties": {
        "owner_name": "URBAN REDEVELOPMENT AUTHORITY OFPITTSBURGH",
        "parcel_key": "002700056000000",
        "organization": "KRJ Enterprises",
        "period_month": "2026-06",
        "assigned_flag": true,
        "returned_flag": true,
        "ownership_type": "URA",
        "masked_geometry": false,
        "completion_status": "returned",
        "maintenance_level": "Active"
      },
      "geometry": {
        "type": "Polygon",
        "coordinates": [
          [
            [
              -79.955734,
              40.447556
            ],
            [
              -79.956021,
              40.447788
            ],
            [
              -79.956335,
              40.447563
            ],
            [
              -79.956046,
              40.447329
            ],
            [
              -79.955734,
              40.447556
            ]
          ]
        ]
      }
    },
    {
      "type": "Feature",
      "properties": {
        "owner_name": "URBAN REDEVELOPMENT AUTHORITY OFPITTSBURGH",
        "parcel_key": "00270010700000",
        "organization": "KRJ Enterprises",
        "period_month": "2026-06",
        "assigned_flag": true,
        "returned_flag": true,
        "ownership_type": "URA",
        "masked_geometry": false,
        "completion_status": "returned",
        "maintenance_level": "Active"
      },
      "geometry": {
        "type": "Polygon",
        "coordinates": [
          [
            [
              -79.965361,
              40.451064
            ],
            [
              -79.965378,
              40.451086
            ],
            [
              -79.965384,
              40.451083
            ],
            [
              -79.965475,
              40.451203
            ],
            [
              -79.965605,
              40.451146
            ],
            [
              -79.965501,
              40.451002
            ],
            [
              -79.965361,
              40.451064
            ]
          ]
        ]
      }
    },
    {
      "type": "Feature",
      "properties": {
        "owner_name": "URBAN REDEVELOPMENT AUTHORITY OFPITTSBURGH",
        "parcel_key": "002700117000000",
        "organization": "KRJ Enterprises",
        "period_month": "2026-06",
        "assigned_flag": true,
        "returned_flag": true,
        "ownership_type": "URA",
        "masked_geometry": false,
        "completion_status": "returned",
        "maintenance_level": "Active"
      },
      "geometry": {
        "type": "Polygon",
        "coordinates": [
          [
            [
              -79.958385,
              40.451556
            ],
            [
              -79.958529,
              40.451604
            ],
            [
              -79.95864,
              40.45141
            ],
            [
              -79.958497,
              40.451363
            ],
            [
              -79.958385,
              40.451556
            ]
          ]
        ]
      }
    },
    {
      "type": "Feature",
      "properties": {
        "owner_name": "URBAN REDEVELOPMENT AUTHORITY OFPITTSBURGH",
        "parcel_key": "002700319000000",
        "organization": "KRJ Enterprises",
        "period_month": "2026-06",
        "assigned_flag": true,
        "returned_flag": true,
        "ownership_type": "URA",
        "masked_geometry": false,
        "completion_status": "returned",
        "maintenance_level": "Active"
      },
      "geometry": {
        "type": "Polygon",
        "coordinates": [
          [
            [
              -79.958742,
              40.450724
            ],
            [
              -79.958832,
              40.450754
            ],
            [
              -79.958977,
              40.450513
            ],
            [
              -79.958884,
              40.45048
            ],
            [
              -79.958742,
              40.450724
            ]
          ]
        ]
      }
    },
    {
      "type": "Feature",
      "properties": {
        "owner_name": "URBAN REDEVELOPMENT AUTHORITY OFPITTSBURGH",
        "parcel_key": "005400106000000",
        "organization": "KRJ Enterprises",
        "period_month": "2026-06",
        "assigned_flag": true,
        "returned_flag": false,
        "ownership_type": "URA",
        "masked_geometry": false,
        "completion_status": "missing",
        "maintenance_level": "Active"
      },
      "geometry": {
        "type": "Polygon",
        "coordinates": [
          [
            [
              -79.941847,
              40.425101
            ],
            [
              -79.941815,
              40.425021
            ],
            [
              -79.941517,
              40.425092
            ],
            [
              -79.94155,
              40.425173
            ],
            [
              -79.941847,
              40.425101
            ]
          ]
        ]
      }
    },
    {
      "type": "Feature",
      "properties": {
        "owner_name": "URBAN REDEVELOPMENT AUTHORITY OFPITTSBURGH",
        "parcel_key": "005500081000000",
        "organization": "KRJ Enterprises",
        "period_month": "2026-06",
        "assigned_flag": true,
        "returned_flag": false,
        "ownership_type": "URA",
        "masked_geometry": false,
        "completion_status": "missing",
        "maintenance_level": "Active"
      },
      "geometry": {
        "type": "Polygon",
        "coordinates": [
          [
            [
              -79.94642,
              40.416551
            ],
            [
              -79.946568,
              40.416831
            ],
            [
              -79.94699,
              40.416696
            ],
            [
              -79.946844,
              40.416426
            ],
            [
              -79.94642,
              40.416551
            ]
          ]
        ]
      }
    },
    {
      "type": "Feature",
      "properties": {
        "owner_name": "URBAN REDEVELOPMENT AUTHORITY OFPITTSBURGH",
        "parcel_key": "00560008500000",
        "organization": "KRJ Enterprises",
        "period_month": "2026-06",
        "assigned_flag": true,
        "returned_flag": false,
        "ownership_type": "URA",
        "masked_geometry": false,
        "completion_status": "missing",
        "maintenance_level": "Active"
      },
      "geometry": {
        "type": "Polygon",
        "coordinates": [
          [
            [
              -79.944463,
              40.410604
            ],
            [
              -79.944806,
              40.410532
            ],
            [
              -79.944796,
              40.410483
            ],
            [
              -79.944443,
              40.410566
            ],
            [
              -79.944463,
              40.410604
            ]
          ]
        ]
      }
    },
    {
      "type": "Feature",
      "properties": {
        "owner_name": "URBAN REDEVELOPMENT AUTHORITY OFPITTSBURGH",
        "parcel_key": "00560018300000",
        "organization": "KRJ Enterprises",
        "period_month": "2026-06",
        "assigned_flag": true,
        "returned_flag": false,
        "ownership_type": "URA",
        "masked_geometry": false,
        "completion_status": "missing",
        "maintenance_level": "Active"
      },
      "geometry": {
        "type": "Polygon",
        "coordinates": [
          [
            [
              -79.936841,
              40.412428
            ],
            [
              -79.936889,
              40.41247
            ],
            [
              -79.937005,
              40.412419
            ],
            [
              -79.936975,
              40.41237
            ],
            [
              -79.936841,
              40.412428
            ]
          ]
        ]
      }
    },
    {
      "type": "Feature",
      "properties": {
        "owner_name": "URBAN REDEVELOPMENT AUTHORITY OFPITTSBURGH",
        "parcel_key": "005600217000000",
        "organization": "KRJ Enterprises",
        "period_month": "2026-06",
        "assigned_flag": true,
        "returned_flag": false,
        "ownership_type": "URA",
        "masked_geometry": false,
        "completion_status": "missing",
        "maintenance_level": "Active"
      },
      "geometry": {
        "type": "Polygon",
        "coordinates": [
          [
            [
              -79.937462,
              40.407551
            ],
            [
              -79.937538,
              40.407582
            ],
            [
              -79.937739,
              40.407296
            ],
            [
              -79.937662,
              40.407264
            ],
            [
              -79.937462,
              40.407551
            ]
          ]
        ]
      }
    },
    {
      "type": "Feature",
      "properties": {
        "owner_name": "URBAN REDEVELOPMENT AUTHORITY OFPITTSBURGH",
        "parcel_key": "005600315000000",
        "organization": "KRJ Enterprises",
        "period_month": "2026-06",
        "assigned_flag": true,
        "returned_flag": false,
        "ownership_type": "URA",
        "masked_geometry": false,
        "completion_status": "missing",
        "maintenance_level": "Active"
      },
      "geometry": {
        "type": "Polygon",
        "coordinates": [
          [
            [
              -79.939841,
              40.412028
            ],
            [
              -79.940169,
              40.412482
            ],
            [
              -79.940304,
              40.412427
            ],
            [
              -79.939983,
              40.411973
            ],
            [
              -79.939841,
              40.412028
            ]
          ]
        ]
      }
    },
    {
      "type": "Feature",
      "properties": {
        "owner_name": "URBAN REDEVELOPMENT AUTHORITY OFPITTSBURGH",
        "parcel_key": "005700113000000",
        "organization": "KRJ Enterprises",
        "period_month": "2026-06",
        "assigned_flag": true,
        "returned_flag": false,
        "ownership_type": "URA",
        "masked_geometry": false,
        "completion_status": "missing",
        "maintenance_level": "Active"
      },
      "geometry": {
        "type": "Polygon",
        "coordinates": [
          [
            [
              -79.940661,
              40.402313
            ],
            [
              -79.940704,
              40.402351
            ],
            [
              -79.941026,
              40.402119
            ],
            [
              -79.940976,
              40.402079
            ],
            [
              -79.940661,
              40.402313
            ]
          ]
        ]
      }
    },
    {
      "type": "Feature",
      "properties": {
        "owner_name": "URBAN REDEVELOPMENT AUTHORITY OFPITTSBURGH",
        "parcel_key": "005700225000000",
        "organization": "KRJ Enterprises",
        "period_month": "2026-06",
        "assigned_flag": true,
        "returned_flag": false,
        "ownership_type": "URA",
        "masked_geometry": false,
        "completion_status": "missing",
        "maintenance_level": "Active"
      },
      "geometry": {
        "type": "Polygon",
        "coordinates": [
          [
            [
              -79.939502,
              40.401592
            ],
            [
              -79.939769,
              40.401333
            ],
            [
              -79.939698,
              40.401291
            ],
            [
              -79.939434,
              40.401553
            ],
            [
              -79.939502,
              40.401592
            ]
          ]
        ]
      }
    },
    {
      "type": "Feature",
      "properties": {
        "owner_name": "URBAN REDEVELOPMENT AUTHORITY OFPITTSBURGH",
        "parcel_key": "005700237000000",
        "organization": "KRJ Enterprises",
        "period_month": "2026-06",
        "assigned_flag": true,
        "returned_flag": false,
        "ownership_type": "URA",
        "masked_geometry": false,
        "completion_status": "missing",
        "maintenance_level": "Active"
      },
      "geometry": {
        "type": "Polygon",
        "coordinates": [
          [
            [
              -79.938352,
              40.400713
            ],
            [
              -79.938538,
              40.400818
            ],
            [
              -79.938674,
              40.400688
            ],
            [
              -79.938498,
              40.400584
            ],
            [
              -79.938352,
              40.400713
            ]
          ]
        ]
      }
    },
    {
      "type": "Feature",
      "properties": {
        "owner_name": "URBAN REDEVELOPMENT AUTHORITY OFPITTSBURGH",
        "parcel_key": "005700254000000",
        "organization": "KRJ Enterprises",
        "period_month": "2026-06",
        "assigned_flag": true,
        "returned_flag": false,
        "ownership_type": "URA",
        "masked_geometry": false,
        "completion_status": "missing",
        "maintenance_level": "Active"
      },
      "geometry": {
        "type": "Polygon",
        "coordinates": [
          [
            [
              -79.938273,
              40.400783
            ],
            [
              -79.938463,
              40.40089
            ],
            [
              -79.938538,
              40.400818
            ],
            [
              -79.938352,
              40.400713
            ],
            [
              -79.938273,
              40.400783
            ]
          ]
        ]
      }
    },
    {
      "type": "Feature",
      "properties": {
        "owner_name": "URBAN REDEVELOPMENT AUTHORITY OFPITTSBURGH",
        "parcel_key": "005700255000000",
        "organization": "KRJ Enterprises",
        "period_month": "2026-06",
        "assigned_flag": true,
        "returned_flag": false,
        "ownership_type": "URA",
        "masked_geometry": false,
        "completion_status": "missing",
        "maintenance_level": "Active"
      },
      "geometry": {
        "type": "Polygon",
        "coordinates": [
          [
            [
              -79.938204,
              40.400844
            ],
            [
              -79.938395,
              40.400956
            ],
            [
              -79.938463,
              40.40089
            ],
            [
              -79.938273,
              40.400783
            ],
            [
              -79.938204,
              40.400844
            ]
          ]
        ]
      }
    },
    {
      "type": "Feature",
      "properties": {
        "owner_name": "URBAN REDEVELOPMENT AUTHORITY OFPITTSBURGH",
        "parcel_key": "005700342000000",
        "organization": "KRJ Enterprises",
        "period_month": "2026-06",
        "assigned_flag": true,
        "returned_flag": false,
        "ownership_type": "URA",
        "masked_geometry": false,
        "completion_status": "missing",
        "maintenance_level": "Active"
      },
      "geometry": {
        "type": "Polygon",
        "coordinates": [
          [
            [
              -79.937083,
              40.401954
            ],
            [
              -79.937451,
              40.402085
            ],
            [
              -79.937499,
              40.402015
            ],
            [
              -79.937128,
              40.401875
            ],
            [
              -79.937083,
              40.401954
            ]
          ]
        ]
      }
    },
    {
      "type": "Feature",
      "properties": {
        "owner_name": "URBAN REDEVELOPMENT AUTHORITY OFPITTSBURGH",
        "parcel_key": "008800020000000",
        "organization": "KRJ Enterprises",
        "period_month": "2026-06",
        "assigned_flag": true,
        "returned_flag": false,
        "ownership_type": "URA",
        "masked_geometry": false,
        "completion_status": "request_only",
        "maintenance_level": "Request Only"
      },
      "geometry": {
        "type": "Polygon",
        "coordinates": [
          [
            [
              -79.916932,
              40.420467
            ],
            [
              -79.918179,
              40.421383
            ],
            [
              -79.918539,
              40.421216
            ],
            [
              -79.918724,
              40.421139
            ],
            [
              -79.919104,
              40.420999
            ],
            [
              -79.919495,
              40.420879
            ],
            [
              -79.919291,
              40.420656
            ],
            [
              -79.919251,
              40.420602
            ],
            [
              -79.919018,
              40.420346
            ],
            [
              -79.918659,
              40.419926
            ],
            [
              -79.919345,
              40.419611
            ],
            [
              -79.919228,
              40.419658
            ],
            [
              -79.919104,
              40.419695
            ],
            [
              -79.918976,
              40.419721
            ],
            [
              -79.918846,
              40.419737
            ],
            [
              -79.918713,
              40.419742
            ],
            [
              -79.918548,
              40.419733
            ],
            [
              -79.918501,
              40.419727
            ],
            [
              -79.918227,
              40.419671
            ],
            [
              -79.918138,
              40.419661
            ],
            [
              -79.917988,
              40.419668
            ],
            [
              -79.91788,
              40.419691
            ],
            [
              -79.917784,
              40.419719
            ],
            [
              -79.917684,
              40.419765
            ],
            [
              -79.917277,
              40.41999
            ],
            [
              -79.916932,
              40.420467
            ]
          ]
        ]
      }
    },
    {
      "type": "Feature",
      "properties": {
        "owner_name": "URBAN REDEVELOPMENT AUTHORITY OFPITTSBURGH",
        "parcel_key": "012500239000000",
        "organization": "KRJ Enterprises",
        "period_month": "2026-06",
        "assigned_flag": true,
        "returned_flag": true,
        "ownership_type": "URA",
        "masked_geometry": false,
        "completion_status": "returned",
        "maintenance_level": "Active"
      },
      "geometry": {
        "type": "Polygon",
        "coordinates": [
          [
            [
              -79.90774,
              40.457901
            ],
            [
              -79.90799,
              40.457957
            ],
            [
              -79.908128,
              40.457607
            ],
            [
              -79.907872,
              40.457547
            ],
            [
              -79.90774,
              40.457901
            ]
          ]
        ]
      }
    },
    {
      "type": "Feature",
      "properties": {
        "owner_name": "URBAN REDEVELOPMENT AUTHORITY OFPITTSBURGH",
        "parcel_key": "012500324000000",
        "organization": "KRJ Enterprises",
        "period_month": "2026-06",
        "assigned_flag": true,
        "returned_flag": true,
        "ownership_type": "URA",
        "masked_geometry": false,
        "completion_status": "returned",
        "maintenance_level": "Active"
      },
      "geometry": {
        "type": "Polygon",
        "coordinates": [
          [
            [
              -79.908324,
              40.461005
            ],
            [
              -79.908144,
              40.460684
            ],
            [
              -79.908065,
              40.460719
            ],
            [
              -79.908245,
              40.461031
            ],
            [
              -79.908324,
              40.461005
            ]
          ]
        ]
      }
    },
    {
      "type": "Feature",
      "properties": {
        "owner_name": "URBAN REDEVELOPMENT AUTHORITY OFPITTSBURGH",
        "parcel_key": "012500370000000",
        "organization": "KRJ Enterprises",
        "period_month": "2026-06",
        "assigned_flag": true,
        "returned_flag": true,
        "ownership_type": "URA",
        "masked_geometry": false,
        "completion_status": "returned",
        "maintenance_level": "Active"
      },
      "geometry": {
        "type": "Polygon",
        "coordinates": [
          [
            [
              -79.907504,
              40.455471
            ],
            [
              -79.907643,
              40.455526
            ],
            [
              -79.907862,
              40.455286
            ],
            [
              -79.907668,
              40.455212
            ],
            [
              -79.907504,
              40.455471
            ]
          ]
        ]
      }
    },
    {
      "type": "Feature",
      "properties": {
        "owner_name": "URBAN REDEVELOPMENT AUTHORITY OFPITTSBURGH",
        "parcel_key": "012500372000000",
        "organization": "KRJ Enterprises",
        "period_month": "2026-06",
        "assigned_flag": true,
        "returned_flag": true,
        "ownership_type": "URA",
        "masked_geometry": false,
        "completion_status": "returned",
        "maintenance_level": "Active"
      },
      "geometry": {
        "type": "Polygon",
        "coordinates": [
          [
            [
              -79.907392,
              40.455427
            ],
            [
              -79.907504,
              40.455471
            ],
            [
              -79.907668,
              40.455212
            ],
            [
              -79.90756,
              40.455171
            ],
            [
              -79.907392,
              40.455427
            ]
          ]
        ]
      }
    },
    {
      "type": "Feature",
      "properties": {
        "owner_name": "URBAN REDEVELOPMENT AUTHORITY OFPITTSBURGH",
        "parcel_key": "012800200000000",
        "organization": "KRJ Enterprises",
        "period_month": "2026-06",
        "assigned_flag": true,
        "returned_flag": false,
        "ownership_type": "URA",
        "masked_geometry": false,
        "completion_status": "request_only",
        "maintenance_level": "Request Only"
      },
      "geometry": {
        "type": "Polygon",
        "coordinates": [
          [
            [
              -79.905973,
              40.424169
            ],
            [
              -79.906141,
              40.423848
            ],
            [
              -79.906265,
              40.423704
            ],
            [
              -79.906475,
              40.423604
            ],
            [
              -79.906752,
              40.42354
            ],
            [
              -79.907097,
              40.423521
            ],
            [
              -79.907285,
              40.423532
            ],
            [
              -79.907368,
              40.423545
            ],
            [
              -79.907317,
              40.423334
            ],
            [
              -79.907061,
              40.423341
            ],
            [
              -79.907045,
              40.423261
            ],
            [
              -79.90687,
              40.423243
            ],
            [
              -79.90522,
              40.423034
            ],
            [
              -79.904484,
              40.423324
            ],
            [
              -79.904713,
              40.42392
            ],
            [
              -79.904859,
              40.424275
            ],
            [
              -79.905645,
              40.424076
            ],
            [
              -79.905973,
              40.424169
            ]
          ]
        ]
      }
    },
    {
      "type": "Feature",
      "properties": {
        "owner_name": "URBAN REDEVELOPMENT AUTHORITY OFPITTSBURGH",
        "parcel_key": "017500111000000",
        "organization": "KRJ Enterprises",
        "period_month": "2026-06",
        "assigned_flag": true,
        "returned_flag": false,
        "ownership_type": "URA",
        "masked_geometry": false,
        "completion_status": "request_only",
        "maintenance_level": "Request Only"
      },
      "geometry": {
        "type": "Polygon",
        "coordinates": [
          [
            [
              -79.897428,
              40.452014
            ],
            [
              -79.898839,
              40.452553
            ],
            [
              -79.899682,
              40.451364
            ],
            [
              -79.898501,
              40.450979
            ],
            [
              -79.898694,
              40.450628
            ],
            [
              -79.898538,
              40.450572
            ],
            [
              -79.898517,
              40.450607
            ],
            [
              -79.898437,
              40.450575
            ],
            [
              -79.897428,
              40.452014
            ]
          ]
        ]
      }
    },
    {
      "type": "Feature",
      "properties": {
        "owner_name": "URBAN REDEVELOPMENT AUTHORITY OFPITTSBURGH",
        "parcel_key": "023100190000000",
        "organization": "KRJ Enterprises",
        "period_month": "2026-06",
        "assigned_flag": true,
        "returned_flag": false,
        "ownership_type": "URA",
        "masked_geometry": false,
        "completion_status": "missing",
        "maintenance_level": "Active"
      },
      "geometry": {
        "type": "Polygon",
        "coordinates": [
          [
            [
              -79.876328,
              40.453103
            ],
            [
              -79.876504,
              40.453244
            ],
            [
              -79.876789,
              40.452885
            ],
            [
              -79.876653,
              40.452778
            ],
            [
              -79.876398,
              40.452963
            ],
            [
              -79.876456,
              40.453011
            ],
            [
              -79.876328,
              40.453103
            ]
          ]
        ]
      }
    },
    {
      "type": "Feature",
      "properties": {
        "owner_name": "URBAN REDEVELOPMENT AUTHORITY OFPITTSBURGH",
        "parcel_key": "002500249000000",
        "organization": "One Call Handles It All",
        "period_month": "2026-06",
        "assigned_flag": true,
        "returned_flag": false,
        "ownership_type": "URA",
        "masked_geometry": false,
        "completion_status": "missing",
        "maintenance_level": "Active"
      },
      "geometry": {
        "type": "Polygon",
        "coordinates": [
          [
            [
              -79.97497,
              40.457913
            ],
            [
              -79.974656,
              40.45765
            ],
            [
              -79.974345,
              40.457863
            ],
            [
              -79.974657,
              40.458132
            ],
            [
              -79.97497,
              40.457913
            ]
          ]
        ]
      }
    },
    {
      "type": "Feature",
      "properties": {
        "owner_name": "URBAN REDEVELOPMENT AUTHORITY OFPITTSBURGH",
        "parcel_key": "002500258000000",
        "organization": "One Call Handles It All",
        "period_month": "2026-06",
        "assigned_flag": true,
        "returned_flag": false,
        "ownership_type": "URA",
        "masked_geometry": false,
        "completion_status": "missing",
        "maintenance_level": "Active"
      },
      "geometry": {
        "type": "Polygon",
        "coordinates": [
          [
            [
              -79.966364,
              40.454089
            ],
            [
              -79.966413,
              40.454386
            ],
            [
              -79.966952,
              40.45416
            ],
            [
              -79.966906,
              40.453865
            ],
            [
              -79.966364,
              40.454089
            ]
          ]
        ]
      }
    },
    {
      "type": "Feature",
      "properties": {
        "owner_name": "URBAN REDEVELOPMENT AUTHORITY OFPITTSBURGH",
        "parcel_key": "002500259000000",
        "organization": "One Call Handles It All",
        "period_month": "2026-06",
        "assigned_flag": true,
        "returned_flag": false,
        "ownership_type": "URA",
        "masked_geometry": false,
        "completion_status": "missing",
        "maintenance_level": "Active"
      },
      "geometry": {
        "type": "Polygon",
        "coordinates": [
          [
            [
              -79.966413,
              40.454386
            ],
            [
              -79.966426,
              40.454464
            ],
            [
              -79.966963,
              40.45423
            ],
            [
              -79.966952,
              40.45416
            ],
            [
              -79.966413,
              40.454386
            ]
          ]
        ]
      }
    },
    {
      "type": "Feature",
      "properties": {
        "owner_name": "URBAN REDEVELOPMENT AUTHORITY OFPITTSBURGH",
        "parcel_key": "002500262000000",
        "organization": "One Call Handles It All",
        "period_month": "2026-06",
        "assigned_flag": true,
        "returned_flag": false,
        "ownership_type": "URA",
        "masked_geometry": false,
        "completion_status": "missing",
        "maintenance_level": "Active"
      },
      "geometry": {
        "type": "Polygon",
        "coordinates": [
          [
            [
              -79.966426,
              40.454464
            ],
            [
              -79.966437,
              40.454532
            ],
            [
              -79.966973,
              40.454298
            ],
            [
              -79.966963,
              40.45423
            ],
            [
              -79.966426,
              40.454464
            ]
          ]
        ]
      }
    }
  ]
}